id,user_id,destination_id,source_location,budget,travelers,duration_days,interests,itinerary_text,estimated_cost,created_at,travel_date,status,trip_name,travel_style,pace,segments_json,route_json,personalization_score,cost_breakdown_json
1,6,1,Kochi,15000.0,2,3,[],"[{""afternoon"": ""Visit **Eravikulam National Park** - Home of the endangered Nilgiri Tahr mountain goat.."", ""day"": 1, ""dinner"": ""Dine at **Rapsy Restaurant** to wrap up your first day."", ""evening"": ""Take a peaceful evening walk around the town center, checking out nearby sights."", ""lunch"": ""Enjoy a welcoming lunch at **example** trying out local cuisines."", ""morning"": ""Arrive at Munnar, check-in to test1, and refresh.""}, {""afternoon"": ""Head towards **Anamudi Peak** - Highest peak in South India, popular for scenic trekking views.."", ""day"": 2, ""dinner"": ""Wrap up the day with a delicious dinner at **example**."", ""evening"": ""Enjoy a guided walking tour of the local streets, clicking photos and tasting street food."", ""lunch"": ""Head to **Rapsy Restaurant** for a relaxing mid-day lunch."", ""morning"": ""Start early and visit **Mattupetty Dam** - Scenic concrete gravity dam with boating and misty lake views..""}, {""afternoon"": ""Enjoy a leisure afternoon photography session or visit local heritage sites."", ""day"": 3, ""dinner"": ""Wrap up the day with a delicious dinner at **Rapsy Restaurant**."", ""evening"": ""Enjoy a guided walking tour of the local streets, clicking photos and tasting street food."", ""lunch"": ""Head to **example** for a relaxing mid-day lunch."", ""morning"": ""Start early and visit **Eravikulam National Park** - Home of the endangered Nilgiri Tahr mountain goat..""}]",20768.4,2026-09-01 13:23:10,2026-09-01,,,,,,,,
5,3,1,kochi,149973.0,2,3,[],"[{""afternoon"": ""Head to **Eravikulam National Park** - Home of the endangered Nilgiri Tahr mountain goat.."", ""day"": 1, ""dinner"": ""Conclude Day 1 with a relaxing dinner at **example**."", ""evening"": ""Take a tranquil evening promenade through town square, capturing photos and relaxing."", ""lunch"": ""Enjoy a flavorful lunch at **Rapsy Restaurant** savoring signature local delicacies."", ""morning"": ""Arrive in Munnar, check in to **Tea Valley Resort**, refresh and unpack."", ""slots"": [{""description"": ""Arrive in Munnar, check in to **Tea Valley Resort**, refresh and unpack."", ""icon"": ""sunrise"", ""period"": ""morning"", ""tag"": ""Activity"", ""time"": ""09:30 AM - 12:00 PM"", ""title"": ""Arrival & Check-in at Tea Valley Resort""}, {""description"": ""Enjoy a flavorful lunch at **Rapsy Restaurant** savoring signature local delicacies."", ""icon"": ""utensils"", ""period"": ""lunch"", ""tag"": ""Dining"", ""time"": ""12:30 PM - 02:00 PM"", ""title"": ""Lunch at Rapsy Restaurant""}, {""description"": ""Head to **Eravikulam National Park** - Home of the endangered Nilgiri Tahr mountain goat.."", ""icon"": ""sun"", ""period"": ""afternoon"", ""tag"": ""Sightseeing"", ""time"": ""02:30 PM - 05:00 PM"", ""title"": ""Excursion to Eravikulam National Park""}, {""description"": ""Take a tranquil evening promenade through town square, capturing photos and relaxing."", ""icon"": ""sunset"", ""period"": ""evening"", ""tag"": ""Leisure"", ""time"": ""05:30 PM - 07:30 PM"", ""title"": ""Evening Town Walk""}, {""description"": ""Conclude Day 1 with a relaxing dinner at **example**."", ""icon"": ""moon"", ""period"": ""dinner"", ""tag"": ""Dinner"", ""time"": ""08:00 PM - 09:45 PM"", ""title"": ""Dinner at example""}], ""theme"": ""Day 1: Discovering Munnar""}, {""afternoon"": ""Head to **Anamudi Peak** - Highest peak in South India, popular for scenic trekking views.."", ""day"": 2, ""dinner"": ""Conclude Day 2 with a relaxing dinner at **Rapsy Restaurant**."", ""evening"": ""Take a tranquil evening promenade through town square, capturing photos and relaxing."", ""lunch"": ""Enjoy a flavorful lunch at **example** savoring signature local delicacies."", ""morning"": ""Visit **Mattupetty Dam** - Scenic concrete gravity dam with boating and misty lake views.."", ""slots"": [{""description"": ""Visit **Mattupetty Dam** - Scenic concrete gravity dam with boating and misty lake views.."", ""icon"": ""sunrise"", ""period"": ""morning"", ""tag"": ""Activity"", ""time"": ""09:00 AM - 12:00 PM"", ""title"": ""Explore Mattupetty Dam""}, {""description"": ""Enjoy a flavorful lunch at **example** savoring signature local delicacies."", ""icon"": ""utensils"", ""period"": ""lunch"", ""tag"": ""Dining"", ""time"": ""12:30 PM - 02:00 PM"", ""title"": ""Lunch at example""}, {""description"": ""Head to **Anamudi Peak** - Highest peak in South India, popular for scenic trekking views.."", ""icon"": ""sun"", ""period"": ""afternoon"", ""tag"": ""Sightseeing"", ""time"": ""02:30 PM - 05:00 PM"", ""title"": ""Excursion to Anamudi Peak""}, {""description"": ""Take a tranquil evening promenade through town square, capturing photos and relaxing."", ""icon"": ""sunset"", ""period"": ""evening"", ""tag"": ""Leisure"", ""time"": ""05:30 PM - 07:30 PM"", ""title"": ""Evening Town Walk""}, {""description"": ""Conclude Day 2 with a relaxing dinner at **Rapsy Restaurant**."", ""icon"": ""moon"", ""period"": ""dinner"", ""tag"": ""Dinner"", ""time"": ""08:00 PM - 09:45 PM"", ""title"": ""Dinner at Rapsy Restaurant""}], ""theme"": ""Day 2: Discovering Munnar""}, {""afternoon"": ""Explore the local craft centers and cultural landmarks in central Munnar."", ""day"": 3, ""dinner"": ""Conclude Day 3 with a relaxing dinner at **example**."", ""evening"": ""Take a tranquil evening promenade through town square, capturing photos and relaxing."", ""lunch"": ""Enjoy a flavorful lunch at **Rapsy Restaurant** savoring signature local delicacies."", ""morning"": ""Visit **Eravikulam National Park** - Home of the endangered Nilgiri Tahr mountain goat.."", ""slots"": [{""description"": ""Visit **Eravikulam National Park** - Home of the endangered Nilgiri Tahr mountain goat.."", ""icon"": ""sunrise"", ""period"": ""morning"", ""tag"": ""Activity"", ""time"": ""09:00 AM - 12:00 PM"", ""title"": ""Explore Eravikulam National Park""}, {""description"": ""Enjoy a flavorful lunch at **Rapsy Restaurant** savoring signature local delicacies."", ""icon"": ""utensils"", ""period"": ""lunch"", ""tag"": ""Dining"", ""time"": ""12:30 PM - 02:00 PM"", ""title"": ""Lunch at Rapsy Restaurant""}, {""description"": ""Explore the local craft centers and cultural landmarks in central Munnar."", ""icon"": ""sun"", ""period"": ""afternoon"", ""tag"": ""Sightseeing"", ""time"": ""02:30 PM - 05:00 PM"", ""title"": ""Local Heritage Exploration""}, {""description"": ""Take a tranquil evening promenade through town square, capturing photos and relaxing."", ""icon"": ""sunset"", ""period"": ""evening"", ""tag"": ""Leisure"", ""time"": ""05:30 PM - 07:30 PM"", ""title"": ""Evening Town Walk""}, {""description"": ""Conclude Day 3 with a relaxing dinner at **example**."", ""icon"": ""moon"", ""period"": ""dinner"", ""tag"": ""Dinner"", ""time"": ""08:00 PM - 09:45 PM"", ""title"": ""Dinner at example""}], ""theme"": ""Day 3: Discovering Munnar""}]",24486.0,2026-09-14 11:42:26,2026-09-14,,,,,,,,
16,7,4,Near Kakkanad,15000.0,2,3,[],"[{""afternoon"": ""Head to **Varkala Heritage Viewpoint & Scenic Promenade** - Panoramic mountain and valley vistas ideal for photography and nature walks.."", ""day"": 1, ""dinner"": ""Conclude Day 1 with a relaxing dinner at **abc**."", ""evening"": ""Take a tranquil evening promenade through town square, capturing photos and relaxing."", ""lunch"": ""Enjoy a flavorful lunch at **Darjeeling Cafe** savoring signature local delicacies."", ""morning"": ""Arrive in Varkala, check in to **Clifftoten Resort**, refresh and unpack."", ""slots"": [{""description"": ""Arrive in Varkala, check in to **Clifftoten Resort**, refresh and unpack."", ""icon"": ""sunrise"", ""period"": ""morning"", ""tag"": ""Activity"", ""time"": ""09:30 AM - 12:00 PM"", ""title"": ""Arrival & Check-in at Clifftoten Resort""}, {""description"": ""Enjoy a flavorful lunch at **Darjeeling Cafe** savoring signature local delicacies."", ""icon"": ""utensils"", ""period"": ""lunch"", ""tag"": ""Dining"", ""time"": ""12:30 PM - 02:00 PM"", ""title"": ""Lunch at Darjeeling Cafe""}, {""description"": ""Head to **Varkala Heritage Viewpoint & Scenic Promenade** - Panoramic mountain and valley vistas ideal for photography and nature walks.."", ""icon"": ""sun"", ""period"": ""afternoon"", ""tag"": ""Sightseeing"", ""time"": ""02:30 PM - 05:00 PM"", ""title"": ""Excursion to Varkala Heritage Viewpoint & Scenic Promenade""}, {""description"": ""Take a tranquil evening promenade through town square, capturing photos and relaxing."", ""icon"": ""sunset"", ""period"": ""evening"", ""tag"": ""Leisure"", ""time"": ""05:30 PM - 07:30 PM"", ""title"": ""Evening Town Walk""}, {""description"": ""Conclude Day 1 with a relaxing dinner at **abc**."", ""icon"": ""moon"", ""period"": ""dinner"", ""tag"": ""Dinner"", ""time"": ""08:00 PM - 09:45 PM"", ""title"": ""Dinner at abc""}], ""theme"": ""Day 1: Discovering Varkala""}, {""afternoon"": ""Head to **Varkala Cultural Heritage Village** - Authentic handicraft stalls, traditional architecture, and cultural performances.."", ""day"": 2, ""dinner"": ""Conclude Day 2 with a relaxing dinner at **Darjeeling Cafe**."", ""evening"": ""Take a tranquil evening promenade through town square, capturing photos and relaxing."", ""lunch"": ""Enjoy a flavorful lunch at **abc** savoring signature local delicacies."", ""morning"": ""Visit **Varkala Botanical Gardens & Lake** - Serene landscaped grounds with boating facilities and rare floral collections.."", ""slots"": [{""description"": ""Visit **Varkala Botanical Gardens & Lake** - Serene landscaped grounds with boating facilities and rare floral collections.."", ""icon"": ""sunrise"", ""period"": ""morning"", ""tag"": ""Activity"", ""time"": ""09:00 AM - 12:00 PM"", ""title"": ""Explore Varkala Botanical Gardens & Lake""}, {""description"": ""Enjoy a flavorful lunch at **abc** savoring signature local delicacies."", ""icon"": ""utensils"", ""period"": ""lunch"", ""tag"": ""Dining"", ""time"": ""12:30 PM - 02:00 PM"", ""title"": ""Lunch at abc""}, {""description"": ""Head to **Varkala Cultural Heritage Village** - Authentic handicraft stalls, traditional architecture, and cultural performances.."", ""icon"": ""sun"", ""period"": ""afternoon"", ""tag"": ""Sightseeing"", ""time"": ""02:30 PM - 05:00 PM"", ""title"": ""Excursion to Varkala Cultural Heritage Village""}, {""description"": ""Take a tranquil evening promenade through town square, capturing photos and relaxing."", ""icon"": ""sunset"", ""period"": ""evening"", ""tag"": ""Leisure"", ""time"": ""05:30 PM - 07:30 PM"", ""title"": ""Evening Town Walk""}, {""description"": ""Conclude Day 2 with a relaxing dinner at **Darjeeling Cafe**."", ""icon"": ""moon"", ""period"": ""dinner"", ""tag"": ""Dinner"", ""time"": ""08:00 PM - 09:45 PM"", ""title"": ""Dinner at Darjeeling Cafe""}], ""theme"": ""Day 2: Discovering Varkala""}, {""afternoon"": ""Head to **Varkala Sunset Ridge & Tea Estate** - Spectacular golden hour views surrounded by rolling emerald tea gardens.."", ""day"": 3, ""dinner"": ""Conclude Day 3 with a relaxing dinner at **abc**."", ""evening"": ""Take a tranquil evening promenade through town square, capturing photos and relaxing."", ""lunch"": ""Enjoy a flavorful lunch at **Darjeeling Cafe** savoring signature local delicacies."", ""morning"": ""Visit **Varkala Forest Sanctuary & Nature Trail** - Lush evergreen canopy trails offering birdwatching and wildlife spotting.."", ""slots"": [{""description"": ""Visit **Varkala Forest Sanctuary & Nature Trail** - Lush evergreen canopy trails offering birdwatching and wildlife spotting.."", ""icon"": ""sunrise"", ""period"": ""morning"", ""tag"": ""Activity"", ""time"": ""09:00 AM - 12:00 PM"", ""title"": ""Explore Varkala Forest Sanctuary & Nature Trail""}, {""description"": ""Enjoy a flavorful lunch at **Darjeeling Cafe** savoring signature local delicacies."", ""icon"": ""utensils"", ""period"": ""lunch"", ""tag"": ""Dining"", ""time"": ""12:30 PM - 02:00 PM"", ""title"": ""Lunch at Darjeeling Cafe""}, {""description"": ""Head to **Varkala Sunset Ridge & Tea Estate** - Spectacular golden hour views surrounded by rolling emerald tea gardens.."", ""icon"": ""sun"", ""period"": ""afternoon"", ""tag"": ""Sightseeing"", ""time"": ""02:30 PM - 05:00 PM"", ""title"": ""Excursion to Varkala Sunset Ridge & Tea Estate""}, {""description"": ""Take a tranquil evening promenade through town square, capturing photos and relaxing."", ""icon"": ""sunset"", ""period"": ""evening"", ""tag"": ""Leisure"", ""time"": ""05:30 PM - 07:30 PM"", ""title"": ""Evening Town Walk""}, {""description"": ""Conclude Day 3 with a relaxing dinner at **abc**."", ""icon"": ""moon"", ""period"": ""dinner"", ""tag"": ""Dinner"", ""time"": ""08:00 PM - 09:45 PM"", ""title"": ""Dinner at abc""}], ""theme"": ""Day 3: Discovering Varkala""}]",18020.0,2026-09-25 14:33:07,2026-09-26,planned,,,,,,,
19,8,1,Near Kakkanad,15000.0,2,3,[],"[{""day"": 1, ""theme"": ""Day 1: Highlights of Munnar"", ""slots"": [{""period"": ""Morning"", ""time"": ""09:00 AM - 12:00 PM"", ""type"": ""transit"", ""title"": ""Arrival in Munnar & Check-in"", ""description"": ""Travel from Near Kakkanad to Munnar via Private AC Cab. Check into Tea Valley Resort and settle in.""}, {""period"": ""Lunch"", ""time"": ""12:30 PM - 02:00 PM"", ""type"": ""dining"", ""title"": ""Lunch at Rapsy Restaurant"", ""description"": ""Savor traditional flavors and regional delicacies (Kerala & North Indian).""}, {""period"": ""Afternoon"", ""time"": ""02:30 PM - 05:00 PM"", ""type"": ""sightseeing"", ""title"": ""Excursion to Eravikulam National Park"", ""description"": ""Home of the endangered Nilgiri Tahr mountain goat.""}, {""period"": ""Evening"", ""time"": ""05:30 PM - 07:30 PM"", ""type"": ""leisure"", ""title"": ""Sunset Point & Tea Estate Stroll"", ""description"": ""Experience the breathtaking sunset views and cool evening breeze in Munnar.""}, {""period"": ""Dinner"", ""time"": ""08:00 PM - 09:45 PM"", ""type"": ""dining"", ""title"": ""Dinner at example"", ""description"": ""Relaxing evening dinner with signature Kerala cuisine.""}]}, {""day"": 2, ""theme"": ""Day 2: Highlights of Munnar"", ""slots"": [{""period"": ""Morning"", ""time"": ""09:00 AM - 12:00 PM"", ""type"": ""sightseeing"", ""title"": ""Visit Mattupetty Dam"", ""description"": ""Scenic concrete gravity dam with boating and misty lake views.""}, {""period"": ""Lunch"", ""time"": ""12:30 PM - 02:00 PM"", ""type"": ""dining"", ""title"": ""Lunch at example"", ""description"": ""Savor traditional flavors and regional delicacies (Local Cuisine).""}, {""period"": ""Afternoon"", ""time"": ""02:30 PM - 05:00 PM"", ""type"": ""sightseeing"", ""title"": ""Excursion to Anamudi Peak"", ""description"": ""Highest peak in South India, popular for scenic trekking views.""}, {""period"": ""Evening"", ""time"": ""05:30 PM - 07:30 PM"", ""type"": ""leisure"", ""title"": ""Sunset Point & Tea Estate Stroll"", ""description"": ""Experience the breathtaking sunset views and cool evening breeze in Munnar.""}, {""period"": ""Dinner"", ""time"": ""08:00 PM - 09:45 PM"", ""type"": ""dining"", ""title"": ""Dinner at Spice Fusion"", ""description"": ""Relaxing evening dinner with signature Kerala cuisine.""}]}, {""day"": 3, ""theme"": ""Day 3: Highlights of Munnar"", ""slots"": [{""period"": ""Morning"", ""time"": ""09:00 AM - 12:00 PM"", ""type"": ""sightseeing"", ""title"": ""Visit Eravikulam National Park"", ""description"": ""Home of the endangered Nilgiri Tahr mountain goat.""}, {""period"": ""Lunch"", ""time"": ""12:30 PM - 02:00 PM"", ""type"": ""dining"", ""title"": ""Lunch at Spice Fusion"", ""description"": ""Savor traditional flavors and regional delicacies (Kerala Traditional, Seafood, South Indian).""}, {""period"": ""Afternoon"", ""time"": ""02:30 PM - 05:00 PM"", ""type"": ""sightseeing"", ""title"": ""Excursion to Eravikulam National Park"", ""description"": ""Home of the endangered Nilgiri Tahr mountain goat.""}, {""period"": ""Evening"", ""time"": ""05:30 PM - 07:30 PM"", ""type"": ""leisure"", ""title"": ""Souvenir Shopping & Sunset Overlook"", ""description"": ""Experience the breathtaking sunset views and cool evening breeze in Munnar.""}, {""period"": ""Dinner"", ""time"": ""08:00 PM - 09:45 PM"", ""type"": ""dining"", ""title"": ""Dinner at Rapsy Restaurant"", ""description"": ""Relaxing evening dinner with signature Kerala cuisine.""}]}]",15664.0,2026-09-30 09:41:53,2026-09-30,,,,,,,,
20,7,1,Kochi,15000.0,2,3,[],"[{""day"": 1, ""theme"": ""Day 1: Highlights of Munnar"", ""slots"": [{""period"": ""Morning"", ""time"": ""09:00 AM - 12:00 PM"", ""type"": ""transit"", ""title"": ""Arrival in Munnar & Check-in"", ""description"": ""Travel from Kochi to Munnar via Private AC Cab. Check into Tea Valley Resort and settle in.""}, {""period"": ""Lunch"", ""time"": ""12:30 PM - 02:00 PM"", ""type"": ""dining"", ""title"": ""Lunch at Rapsy Restaurant"", ""description"": ""Savor traditional flavors and regional delicacies (Kerala & North Indian).""}, {""period"": ""Afternoon"", ""time"": ""02:30 PM - 05:00 PM"", ""type"": ""sightseeing"", ""title"": ""Excursion to Eravikulam National Park"", ""description"": ""Home of the endangered Nilgiri Tahr mountain goat.""}, {""period"": ""Evening"", ""time"": ""05:30 PM - 07:30 PM"", ""type"": ""leisure"", ""title"": ""Sunset Point & Tea Estate Stroll"", ""description"": ""Experience the breathtaking sunset views and cool evening breeze in Munnar.""}, {""period"": ""Dinner"", ""time"": ""08:00 PM - 09:45 PM"", ""type"": ""dining"", ""title"": ""Dinner at example"", ""description"": ""Relaxing evening dinner with signature Kerala cuisine.""}]}, {""day"": 2, ""theme"": ""Day 2: Highlights of Munnar"", ""slots"": [{""period"": ""Morning"", ""time"": ""09:00 AM - 12:00 PM"", ""type"": ""sightseeing"", ""title"": ""Visit Mattupetty Dam"", ""description"": ""Scenic concrete gravity dam with boating and misty lake views.""}, {""period"": ""Lunch"", ""time"": ""12:30 PM - 02:00 PM"", ""type"": ""dining"", ""title"": ""Lunch at example"", ""description"": ""Savor traditional flavors and regional delicacies (Local Cuisine).""}, {""period"": ""Afternoon"", ""time"": ""02:30 PM - 05:00 PM"", ""type"": ""sightseeing"", ""title"": ""Excursion to Anamudi Peak"", ""description"": ""Highest peak in South India, popular for scenic trekking views.""}, {""period"": ""Evening"", ""time"": ""05:30 PM - 07:30 PM"", ""type"": ""leisure"", ""title"": ""Sunset Point & Tea Estate Stroll"", ""description"": ""Experience the breathtaking sunset views and cool evening breeze in Munnar.""}, {""period"": ""Dinner"", ""time"": ""08:00 PM - 09:45 PM"", ""type"": ""dining"", ""title"": ""Dinner at Spice Fusion"", ""description"": ""Relaxing evening dinner with signature Kerala cuisine.""}]}, {""day"": 3, ""theme"": ""Day 3: Highlights of Munnar"", ""slots"": [{""period"": ""Morning"", ""time"": ""09:00 AM - 12:00 PM"", ""type"": ""sightseeing"", ""title"": ""Visit Eravikulam National Park"", ""description"": ""Home of the endangered Nilgiri Tahr mountain goat.""}, {""period"": ""Lunch"", ""time"": ""12:30 PM - 02:00 PM"", ""type"": ""dining"", ""title"": ""Lunch at Spice Fusion"", ""description"": ""Savor traditional flavors and regional delicacies (Kerala Traditional, Seafood, South Indian).""}, {""period"": ""Afternoon"", ""time"": ""02:30 PM - 05:00 PM"", ""type"": ""sightseeing"", ""title"": ""Excursion to Eravikulam National Park"", ""description"": ""Home of the endangered Nilgiri Tahr mountain goat.""}, {""period"": ""Evening"", ""time"": ""05:30 PM - 07:30 PM"", ""type"": ""leisure"", ""title"": ""Souvenir Shopping & Sunset Overlook"", ""description"": ""Experience the breathtaking sunset views and cool evening breeze in Munnar.""}, {""period"": ""Dinner"", ""time"": ""08:00 PM - 09:45 PM"", ""type"": ""dining"", ""title"": ""Dinner at Rapsy Restaurant"", ""description"": ""Relaxing evening dinner with signature Kerala cuisine.""}]}]",15902.0,2026-09-30 15:06:02,2026-09-30,completed,,,,,,,
21,7,3,Kochi,15000.0,2,1,[],"[{""day"": 1, ""theme"": ""Day 1: Highlights of Alleppey"", ""slots"": [{""period"": ""Morning"", ""time"": ""09:00 AM - 12:00 PM"", ""type"": ""transit"", ""title"": ""Arrival in Alleppey & Check-in"", ""description"": ""Travel from Kochi to Alleppey via Private AC Cab. Check into Lake Palace Backwater Resort and settle in.""}, {""period"": ""Lunch"", ""time"": ""12:30 PM - 02:00 PM"", ""type"": ""dining"", ""title"": ""Lunch at Cassiaa Restaurant"", ""description"": ""Savor traditional flavors and regional delicacies (Seafood & Continental).""}, {""period"": ""Afternoon"", ""time"": ""02:30 PM - 05:00 PM"", ""type"": ""sightseeing"", ""title"": ""Excursion to Alappuzha Beach"", ""description"": ""Historical beach with a 150-year-old pier and lighthouse.""}, {""period"": ""Evening"", ""time"": ""05:30 PM - 07:30 PM"", ""type"": ""leisure"", ""title"": ""Souvenir Shopping & Sunset Overlook"", ""description"": ""Experience the breathtaking sunset views and cool evening breeze in Alleppey.""}, {""period"": ""Dinner"", ""time"": ""08:00 PM - 09:45 PM"", ""type"": ""dining"", ""title"": ""Dinner at Cassia Palace"", ""description"": ""Relaxing evening dinner with signature Kerala cuisine.""}]}]",17129.0,2026-09-30 15:06:35,2026-09-30,planned,,,,,,,
22,7,10,Kochi,15000.0,2,3,[],"[{""day"": 1, ""theme"": ""Day 1: Highlights of Vagamon"", ""slots"": [{""period"": ""Morning"", ""time"": ""09:00 AM - 12:00 PM"", ""type"": ""transit"", ""title"": ""Arrival in Vagamon & Check-in"", ""description"": ""Travel from Kochi to Vagamon via Private AC Cab. Check into Vagamon Central Budget Hotel and settle in.""}, {""period"": ""Lunch"", ""time"": ""12:30 PM - 02:00 PM"", ""type"": ""dining"", ""title"": ""Lunch at Local Cuisine Bistro"", ""description"": ""Savor traditional flavors and regional delicacies (Authentic Local Specialities).""}, {""period"": ""Afternoon"", ""time"": ""02:30 PM - 05:00 PM"", ""type"": ""sightseeing"", ""title"": ""Excursion to Vagamon Pine Forest"", ""description"": ""Popular scenic attraction surrounded by tall pine trees and misty hills.""}, {""period"": ""Evening"", ""time"": ""05:30 PM - 07:30 PM"", ""type"": ""leisure"", ""title"": ""Sunset Point & Tea Estate Stroll"", ""description"": ""Experience the breathtaking sunset views and cool evening breeze in Vagamon.""}, {""period"": ""Dinner"", ""time"": ""08:00 PM - 09:45 PM"", ""type"": ""dining"", ""title"": ""Dinner at Rooftop Garden Restaurant"", ""description"": ""Relaxing evening dinner with signature Kerala cuisine.""}, {""period"": ""Added Attraction"", ""time"": ""Flexible Time"", ""type"": ""custom"", ""title"": ""Vagamon Lake"", ""description"": ""Peaceful lake surrounded by hills and greenery, suitable for boating and recreation.""}, {""period"": ""Added Attraction"", ""time"": ""Flexible Time"", ""type"": ""custom"", ""title"": ""Vagamon Adventure Park"", ""description"": ""Outdoor recreation area offering adventure activities and scenic hill views.""}]}, {""day"": 2, ""theme"": ""Day 2: Highlights of Vagamon"", ""slots"": [{""period"": ""Morning"", ""time"": ""09:00 AM - 12:00 PM"", ""type"": ""sightseeing"", ""title"": ""Visit Vagamon Meadows"", ""description"": ""Green rolling meadows ideal for sightseeing, photography, and relaxation.""}, {""period"": ""Lunch"", ""time"": ""12:30 PM - 02:00 PM"", ""type"": ""dining"", ""title"": ""Lunch at Local Cuisine Bistro"", ""description"": ""Savor traditional flavors and regional delicacies (Authentic Local Specialities).""}, {""period"": ""Afternoon"", ""time"": ""02:30 PM - 05:00 PM"", ""type"": ""sightseeing"", ""title"": ""Excursion to Vagamon Lake"", ""description"": ""Peaceful lake surrounded by hills and greenery, suitable for boating and recreation.""}, {""period"": ""Evening"", ""time"": ""05:30 PM - 07:30 PM"", ""type"": ""leisure"", ""title"": ""Sunset Point & Tea Estate Stroll"", ""description"": ""Experience the breathtaking sunset views and cool evening breeze in Vagamon.""}, {""period"": ""Dinner"", ""time"": ""08:00 PM - 09:45 PM"", ""type"": ""dining"", ""title"": ""Dinner at Rooftop Garden Restaurant"", ""description"": ""Relaxing evening dinner with signature Kerala cuisine.""}, {""period"": ""Added Attraction"", ""time"": ""Flexible Time"", ""type"": ""custom"", ""title"": ""Vagamon Lake"", ""description"": ""Peaceful lake surrounded by hills and greenery, suitable for boating and recreation.""}, {""period"": ""Added Attraction"", ""time"": ""Flexible Time"", ""type"": ""custom"", ""title"": ""Vagamon Adventure Park"", ""description"": ""Outdoor recreation area offering adventure activities and scenic hill views.""}]}, {""day"": 3, ""theme"": ""Day 3: Highlights of Vagamon"", ""slots"": [{""period"": ""Morning"", ""time"": ""09:00 AM - 12:00 PM"", ""type"": ""sightseeing"", ""title"": ""Visit Vagamon Adventure Park"", ""description"": ""Outdoor recreation area offering adventure activities and scenic hill views.""}, {""period"": ""Lunch"", ""time"": ""12:30 PM - 02:00 PM"", ""type"": ""dining"", ""title"": ""Lunch at Local Cuisine Bistro"", ""description"": ""Savor traditional flavors and regional delicacies (Authentic Local Specialities).""}, {""period"": ""Afternoon"", ""time"": ""02:30 PM - 05:00 PM"", ""type"": ""sightseeing"", ""title"": ""Excursion to Vagamon Pine Forest"", ""description"": ""Popular scenic attraction surrounded by tall pine trees and misty hills.""}, {""period"": ""Evening"", ""time"": ""05:30 PM - 07:30 PM"", ""type"": ""leisure"", ""title"": ""Souvenir Shopping & Sunset Overlook"", ""description"": ""Experience the breathtaking sunset views and cool evening breeze in Vagamon.""}, {""period"": ""Dinner"", ""time"": ""08:00 PM - 09:45 PM"", ""type"": ""dining"", ""title"": ""Dinner at Rooftop Garden Restaurant"", ""description"": ""Relaxing evening dinner with signature Kerala cuisine.""}, {""period"": ""Added Attraction"", ""time"": ""Flexible Time"", ""type"": ""custom"", ""title"": ""Vagamon Lake"", ""description"": ""Peaceful lake surrounded by hills and greenery, suitable for boating and recreation.""}, {""period"": ""Added Attraction"", ""time"": ""Flexible Time"", ""type"": ""custom"", ""title"": ""Vagamon Adventure Park"", ""description"": ""Outdoor recreation area offering adventure activities and scenic hill views.""}]}]",10960.0,2026-10-01 19:12:04,2026-10-01,,,,,,,,
23,7,10,Kochi,15000.0,2,3,[],"[{""day"": 1, ""theme"": ""Day 1: Highlights of Vagamon"", ""slots"": [{""period"": ""Morning"", ""time"": ""09:00 AM - 12:00 PM"", ""type"": ""transit"", ""title"": ""Arrival in Vagamon & Check-in"", ""description"": ""Travel from Kochi to Vagamon via Private AC Cab. Check into Vagamon Central Budget Hotel and settle in.""}, {""period"": ""Lunch"", ""time"": ""12:30 PM - 02:00 PM"", ""type"": ""dining"", ""title"": ""Lunch at Local Cuisine Bistro"", ""description"": ""Savor traditional flavors and regional delicacies (Authentic Local Specialities).""}, {""period"": ""Afternoon"", ""time"": ""02:30 PM - 05:00 PM"", ""type"": ""sightseeing"", ""title"": ""Excursion to Vagamon Pine Forest"", ""description"": ""Popular scenic attraction surrounded by tall pine trees and misty hills.""}, {""period"": ""Evening"", ""time"": ""05:30 PM - 07:30 PM"", ""type"": ""leisure"", ""title"": ""Sunset Point & Tea Estate Stroll"", ""description"": ""Experience the breathtaking sunset views and cool evening breeze in Vagamon.""}, {""period"": ""Dinner"", ""time"": ""08:00 PM - 09:45 PM"", ""type"": ""dining"", ""title"": ""Dinner at Rooftop Garden Restaurant"", ""description"": ""Relaxing evening dinner with signature Kerala cuisine.""}, {""period"": ""Added Attraction"", ""time"": ""Flexible Time"", ""type"": ""custom"", ""title"": ""Vagamon Lake"", ""description"": ""Peaceful lake surrounded by hills and greenery, suitable for boating and recreation.""}, {""period"": ""Added Attraction"", ""time"": ""Flexible Time"", ""type"": ""custom"", ""title"": ""Vagamon Adventure Park"", ""description"": ""Outdoor recreation area offering adventure activities and scenic hill views.""}]}, {""day"": 2, ""theme"": ""Day 2: Highlights of Vagamon"", ""slots"": [{""period"": ""Morning"", ""time"": ""09:00 AM - 12:00 PM"", ""type"": ""sightseeing"", ""title"": ""Visit Vagamon Meadows"", ""description"": ""Green rolling meadows ideal for sightseeing, photography, and relaxation.""}, {""period"": ""Lunch"", ""time"": ""12:30 PM - 02:00 PM"", ""type"": ""dining"", ""title"": ""Lunch at Local Cuisine Bistro"", ""description"": ""Savor traditional flavors and regional delicacies (Authentic Local Specialities).""}, {""period"": ""Afternoon"", ""time"": ""02:30 PM - 05:00 PM"", ""type"": ""sightseeing"", ""title"": ""Excursion to Vagamon Lake"", ""description"": ""Peaceful lake surrounded by hills and greenery, suitable for boating and recreation.""}, {""period"": ""Evening"", ""time"": ""05:30 PM - 07:30 PM"", ""type"": ""leisure"", ""title"": ""Sunset Point & Tea Estate Stroll"", ""description"": ""Experience the breathtaking sunset views and cool evening breeze in Vagamon.""}, {""period"": ""Dinner"", ""time"": ""08:00 PM - 09:45 PM"", ""type"": ""dining"", ""title"": ""Dinner at Rooftop Garden Restaurant"", ""description"": ""Relaxing evening dinner with signature Kerala cuisine.""}, {""period"": ""Added Attraction"", ""time"": ""Flexible Time"", ""type"": ""custom"", ""title"": ""Vagamon Lake"", ""description"": ""Peaceful lake surrounded by hills and greenery, suitable for boating and recreation.""}, {""period"": ""Added Attraction"", ""time"": ""Flexible Time"", ""type"": ""custom"", ""title"": ""Vagamon Adventure Park"", ""description"": ""Outdoor recreation area offering adventure activities and scenic hill views.""}]}, {""day"": 3, ""theme"": ""Day 3: Highlights of Vagamon"", ""slots"": [{""period"": ""Morning"", ""time"": ""09:00 AM - 12:00 PM"", ""type"": ""sightseeing"", ""title"": ""Visit Vagamon Adventure Park"", ""description"": ""Outdoor recreation area offering adventure activities and scenic hill views.""}, {""period"": ""Lunch"", ""time"": ""12:30 PM - 02:00 PM"", ""type"": ""dining"", ""title"": ""Lunch at Local Cuisine Bistro"", ""description"": ""Savor traditional flavors and regional delicacies (Authentic Local Specialities).""}, {""period"": ""Afternoon"", ""time"": ""02:30 PM - 05:00 PM"", ""type"": ""sightseeing"", ""title"": ""Excursion to Vagamon Pine Forest"", ""description"": ""Popular scenic attraction surrounded by tall pine trees and misty hills.""}, {""period"": ""Evening"", ""time"": ""05:30 PM - 07:30 PM"", ""type"": ""leisure"", ""title"": ""Souvenir Shopping & Sunset Overlook"", ""description"": ""Experience the breathtaking sunset views and cool evening breeze in Vagamon.""}, {""period"": ""Dinner"", ""time"": ""08:00 PM - 09:45 PM"", ""type"": ""dining"", ""title"": ""Dinner at Rooftop Garden Restaurant"", ""description"": ""Relaxing evening dinner with signature Kerala cuisine.""}, {""period"": ""Added Attraction"", ""time"": ""Flexible Time"", ""type"": ""custom"", ""title"": ""Vagamon Lake"", ""description"": ""Peaceful lake surrounded by hills and greenery, suitable for boating and recreation.""}, {""period"": ""Added Attraction"", ""time"": ""Flexible Time"", ""type"": ""custom"", ""title"": ""Vagamon Adventure Park"", ""description"": ""Outdoor recreation area offering adventure activities and scenic hill views.""}]}]",10960.0,2026-10-01 19:13:46,2026-10-01,,,,,,,,
24,7,1,Kochi,15000.0,2,5,"[""nature"", ""photography"", ""food""]",,0.0,2026-10-01 23:27:17,2026-10-01,,Kerala Multi-Destination Journey,balanced,relaxed,[],{},90.0,{}
25,7,13,Ponmudi,15000.0,2,5,[],"[{""day"": 1, ""segment_index"": 0, ""destination_id"": 13, ""destination_name"": ""Ponmudi"", ""theme"": ""Day 1: Highlights of Ponmudi (Day 1 of 3)"", ""morning"": ""Travel from **Ponmudi** to **Ponmudi** via **Prepaid Taxi**. Check in to **Ponmudi Central Budget Hotel**, freshen up and settle in."", ""lunch"": ""Savor signature Kerala delicacies and regional specialities at **(f) => `Traditional ${destName} Bistro`** in Ponmudi."", ""afternoon"": ""Head to **Ponmudi Hills** - Misty hill attraction known for winding roads, viewpoints, forests, and cool climate."", ""evening"": ""Experience the breathtaking sunset views and refreshing mountain breeze in Ponmudi."", ""dinner"": ""Conclude Day 1 with a relaxing dinner at **Garden Terrace Restaurant in Ponmudi**, followed by an overnight rest at **Ponmudi Central Budget Hotel**."", ""hotel_name"": ""Ponmudi Central Budget Hotel"", ""slots"": [{""period"": ""Morning"", ""time"": ""09:00 AM - 12:00 PM"", ""type"": ""transit"", ""tag"": ""Arrival & Check-in"", ""icon"": ""sunrise"", ""title"": ""Arrival in Ponmudi & Check-in at Ponmudi Central Budget Hotel"", ""description"": ""Travel from **Ponmudi** to **Ponmudi** via **Prepaid Taxi**. Check in to **Ponmudi Central Budget Hotel**, freshen up and settle in."", ""specific_name"": ""Ponmudi Central Budget Hotel""}, {""period"": ""Lunch"", ""time"": ""12:30 PM - 02:00 PM"", ""type"": ""dining"", ""tag"": ""Regional Dining"", ""icon"": ""utensils"", ""title"": ""Lunch at (f) => `Traditional ${destName} Bistro`"", ""description"": ""Savor signature Kerala delicacies and regional specialities at **(f) => `Traditional ${destName} Bistro`** in Ponmudi.""}, {""period"": ""Afternoon"", ""time"": ""02:30 PM - 05:00 PM"", ""type"": ""sightseeing"", ""tag"": ""Afternoon Excursion"", ""icon"": ""sun"", ""title"": ""Excursion to Ponmudi Hills"", ""description"": ""Head to **Ponmudi Hills** - Misty hill attraction known for winding roads, viewpoints, forests, and cool climate."", ""specific_name"": ""Ponmudi Hills""}, {""period"": ""Evening"", ""time"": ""05:30 PM - 07:30 PM"", ""type"": ""leisure"", ""tag"": ""Sunset Overlook"", ""icon"": ""sunset"", ""title"": ""Sunset Point & Tea Estate Stroll in Ponmudi"", ""description"": ""Experience the breathtaking sunset views and refreshing mountain breeze in Ponmudi."", ""specific_name"": ""Ponmudi Promenade""}, {""period"": ""Dinner"", ""time"": ""08:00 PM - 10:00 PM"", ""type"": ""dining"", ""tag"": ""Dinner & Stay"", ""icon"": ""moon"", ""title"": ""Dinner at Garden Terrace Restaurant in Ponmudi & Rest at Ponmudi Central Budget Hotel"", ""description"": ""Conclude Day 1 with a relaxing dinner at **Garden Terrace Restaurant in Ponmudi**, followed by an overnight rest at **Ponmudi Central Budget Hotel**."", ""specific_name"": ""Ponmudi Central Budget Hotel""}]}, {""day"": 2, ""segment_index"": 0, ""destination_id"": 13, ""destination_name"": ""Ponmudi"", ""theme"": ""Day 2: Highlights of Ponmudi (Day 2 of 3)"", ""morning"": ""Explore **Golden Valley** - Scenic valley with streams, forests, and mountain landscapes near Ponmudi."", ""lunch"": ""Savor signature Kerala delicacies and regional specialities at **Garden Terrace Restaurant in Ponmudi** in Ponmudi."", ""afternoon"": ""Head to **Kallar River** - Natural attraction known for clear streams, rocky landscapes, and forest surroundings."", ""evening"": ""Experience the breathtaking sunset views and refreshing mountain breeze in Ponmudi."", ""dinner"": ""Conclude Day 2 with a relaxing dinner at **(f) => `Traditional ${destName} Bistro`**, followed by an overnight rest at **Ponmudi Central Budget Hotel**."", ""hotel_name"": ""Ponmudi Central Budget Hotel"", ""slots"": [{""period"": ""Morning"", ""time"": ""09:00 AM - 12:00 PM"", ""type"": ""sightseeing"", ""tag"": ""Sightseeing"", ""icon"": ""sunrise"", ""title"": ""Visit Golden Valley"", ""description"": ""Explore **Golden Valley** - Scenic valley with streams, forests, and mountain landscapes near Ponmudi."", ""specific_name"": ""Golden Valley""}, {""period"": ""Lunch"", ""time"": ""12:30 PM - 02:00 PM"", ""type"": ""dining"", ""tag"": ""Regional Dining"", ""icon"": ""utensils"", ""title"": ""Lunch at Garden Terrace Restaurant in Ponmudi"", ""description"": ""Savor signature Kerala delicacies and regional specialities at **Garden Terrace Restaurant in Ponmudi** in Ponmudi."", ""specific_name"": ""Garden Terrace Restaurant in Ponmudi""}, {""period"": ""Afternoon"", ""time"": ""02:30 PM - 05:00 PM"", ""type"": ""sightseeing"", ""tag"": ""Afternoon Excursion"", ""icon"": ""sun"", ""title"": ""Excursion to Kallar River"", ""description"": ""Head to **Kallar River** - Natural attraction known for clear streams, rocky landscapes, and forest surroundings."", ""specific_name"": ""Kallar River""}, {""period"": ""Evening"", ""time"": ""05:30 PM - 07:30 PM"", ""type"": ""leisure"", ""tag"": ""Sunset Overlook"", ""icon"": ""sunset"", ""title"": ""Sunset Point & Tea Estate Stroll in Ponmudi"", ""description"": ""Experience the breathtaking sunset views and refreshing mountain breeze in Ponmudi."", ""specific_name"": ""Ponmudi Promenade""}, {""period"": ""Dinner"", ""time"": ""08:00 PM - 10:00 PM"", ""type"": ""dining"", ""tag"": ""Dinner & Stay"", ""icon"": ""moon"", ""title"": ""Dinner at (f) => `Traditional ${destName} Bistro` & Rest at Ponmudi Central Budget Hotel"", ""description"": ""Conclude Day 2 with a relaxing dinner at **(f) => `Traditional ${destName} Bistro`**, followed by an overnight rest at **Ponmudi Central Budget Hotel**."", ""specific_name"": ""Ponmudi Central Budget Hotel""}]}, {""day"": 3, ""segment_index"": 0, ""destination_id"": 13, ""destination_name"": ""Ponmudi"", ""theme"": ""Day 3: Highlights of Ponmudi (Day 3 of 3)"", ""morning"": ""Explore **Peppara Wildlife Sanctuary** (Entry: \u20b950) - Forest sanctuary supporting wildlife, birds, rivers, and diverse vegetation."", ""lunch"": ""Savor signature Kerala delicacies and regional specialities at **(f) => `Traditional ${destName} Bistro`** in Ponmudi."", ""afternoon"": ""Head to **Ponmudi Hills** - Misty hill attraction known for winding roads, viewpoints, forests, and cool climate."", ""evening"": ""Experience the breathtaking sunset views and refreshing mountain breeze in Ponmudi."", ""dinner"": ""Conclude Day 3 with a relaxing dinner at **Garden Terrace Restaurant in Ponmudi**, followed by an overnight rest at **Ponmudi Central Budget Hotel**."", ""hotel_name"": ""Ponmudi Central Budget Hotel"", ""slots"": [{""period"": ""Morning"", ""time"": ""09:00 AM - 12:00 PM"", ""type"": ""sightseeing"", ""tag"": ""Sightseeing"", ""icon"": ""sunrise"", ""title"": ""Visit Peppara Wildlife Sanctuary"", ""description"": ""Explore **Peppara Wildlife Sanctuary** (Entry: \u20b950) - Forest sanctuary supporting wildlife, birds, rivers, and diverse vegetation."", ""specific_name"": ""Peppara Wildlife Sanctuary""}, {""period"": ""Lunch"", ""time"": ""12:30 PM - 02:00 PM"", ""type"": ""dining"", ""tag"": ""Regional Dining"", ""icon"": ""utensils"", ""title"": ""Lunch at (f) => `Traditional ${destName} Bistro`"", ""description"": ""Savor signature Kerala delicacies and regional specialities at **(f) => `Traditional ${destName} Bistro`** in Ponmudi.""}, {""period"": ""Afternoon"", ""time"": ""02:30 PM - 05:00 PM"", ""type"": ""sightseeing"", ""tag"": ""Afternoon Excursion"", ""icon"": ""sun"", ""title"": ""Excursion to Ponmudi Hills"", ""description"": ""Head to **Ponmudi Hills** - Misty hill attraction known for winding roads, viewpoints, forests, and cool climate."", ""specific_name"": ""Ponmudi Hills""}, {""period"": ""Evening"", ""time"": ""05:30 PM - 07:30 PM"", ""type"": ""leisure"", ""tag"": ""Sunset Overlook"", ""icon"": ""sunset"", ""title"": ""Sunset Point & Tea Estate Stroll in Ponmudi"", ""description"": ""Experience the breathtaking sunset views and refreshing mountain breeze in Ponmudi."", ""specific_name"": ""Ponmudi Promenade""}, {""period"": ""Dinner"", ""time"": ""08:00 PM - 10:00 PM"", ""type"": ""dining"", ""tag"": ""Dinner & Stay"", ""icon"": ""moon"", ""title"": ""Dinner at Garden Terrace Restaurant in Ponmudi & Rest at Ponmudi Central Budget Hotel"", ""description"": ""Conclude Day 3 with a relaxing dinner at **Garden Terrace Restaurant in Ponmudi**, followed by an overnight rest at **Ponmudi Central Budget Hotel**."", ""specific_name"": ""Ponmudi Central Budget Hotel""}]}, {""day"": 4, ""segment_index"": 1, ""destination_id"": 4, ""destination_name"": ""Varkala"", ""theme"": ""Day 4: Highlights of Varkala (Day 1 of 2)"", ""morning"": ""Check out from Ponmudi Central Budget Hotel in Ponmudi. Scenic mountain drive to **Varkala** (~45 km, ~2h 15m) via **Private AC Cab**. Check in to **Varkala Central Homestay**."", ""lunch"": ""Savor signature Kerala delicacies and regional specialities at **Darjeeling Cafe** in Varkala."", ""afternoon"": ""Head to **Janardanaswamy Temple** - Historic Vishnu temple and important pilgrimage attraction near Varkala."", ""evening"": ""Experience the breathtaking sunset views and refreshing mountain breeze in Varkala."", ""dinner"": ""Conclude Day 4 with a relaxing dinner at **abc**, followed by an overnight rest at **Varkala Central Homestay**."", ""hotel_name"": ""Varkala Central Homestay"", ""slots"": [{""period"": ""Morning"", ""time"": ""09:00 AM - 12:00 PM"", ""type"": ""transit"", ""tag"": ""Inter-City Transfer"", ""icon"": ""car"", ""title"": ""Transfer to Varkala & Check-in at Varkala Central Homestay"", ""description"": ""Check out from Ponmudi Central Budget Hotel in Ponmudi. Scenic mountain drive to **Varkala** (~45 km, ~2h 15m) via **Private AC Cab**. Check in to **Varkala Central Homestay**."", ""specific_name"": ""Varkala Central Homestay""}, {""period"": ""Lunch"", ""time"": ""12:30 PM - 02:00 PM"", ""type"": ""dining"", ""tag"": ""Regional Dining"", ""icon"": ""utensils"", ""title"": ""Lunch at Darjeeling Cafe"", ""description"": ""Savor signature Kerala delicacies and regional specialities at **Darjeeling Cafe** in Varkala."", ""specific_name"": ""Darjeeling Cafe""}, {""period"": ""Afternoon"", ""time"": ""02:30 PM - 05:00 PM"", ""type"": ""sightseeing"", ""tag"": ""Afternoon Excursion"", ""icon"": ""sun"", ""title"": ""Excursion to Janardanaswamy Temple"", ""description"": ""Head to **Janardanaswamy Temple** - Historic Vishnu temple and important pilgrimage attraction near Varkala."", ""specific_name"": ""Janardanaswamy Temple""}, {""period"": ""Evening"", ""time"": ""05:30 PM - 07:30 PM"", ""type"": ""leisure"", ""tag"": ""Sunset Overlook"", ""icon"": ""sunset"", ""title"": ""Sunset Point & Tea Estate Stroll in Varkala"", ""description"": ""Experience the breathtaking sunset views and refreshing mountain breeze in Varkala."", ""specific_name"": ""Varkala Promenade""}, {""period"": ""Dinner"", ""time"": ""08:00 PM - 10:00 PM"", ""type"": ""dining"", ""tag"": ""Dinner & Stay"", ""icon"": ""moon"", ""title"": ""Dinner at abc & Rest at Varkala Central Homestay"", ""description"": ""Conclude Day 4 with a relaxing dinner at **abc**, followed by an overnight rest at **Varkala Central Homestay**."", ""specific_name"": ""Varkala Central Homestay""}, {""period"": ""Custom Activity"", ""time"": ""Flexible Slot"", ""type"": ""custom"", ""tag"": ""Personalized Highlight"", ""icon"": ""sparkles"", ""title"": ""Custom Visit: Sivagiri Mutt"", ""description"": ""Spiritual and cultural center associated with Sree Narayana Guru."", ""specific_name"": ""Sivagiri Mutt""}, {""period"": ""Custom Activity"", ""time"": ""Flexible Slot"", ""type"": ""custom"", ""tag"": ""Personalized Highlight"", ""icon"": ""sparkles"", ""title"": ""Custom Visit: Janardanaswamy Temple"", ""description"": ""Historic Vishnu temple and important pilgrimage attraction near Varkala."", ""specific_name"": ""Janardanaswamy Temple""}]}, {""day"": 5, ""segment_index"": 1, ""destination_id"": 4, ""destination_name"": ""Varkala"", ""theme"": ""Day 5: Highlights of Varkala (Day 2 of 2)"", ""morning"": ""Explore **Sivagiri Mutt** - Spiritual and cultural center associated with Sree Narayana Guru."", ""lunch"": ""Savor signature Kerala delicacies and regional specialities at **abc** in Varkala."", ""afternoon"": ""Head to **Janardanaswamy Temple** - Historic Vishnu temple and important pilgrimage attraction near Varkala."", ""evening"": ""Stroll through Varkala town bazaars for organic spices, handcrafted souvenirs, and tea estates before wrapping up."", ""dinner"": ""Conclude Day 5 with a relaxing dinner at **Darjeeling Cafe**, followed by an overnight rest at **Varkala Central Homestay**."", ""hotel_name"": ""Varkala Central Homestay"", ""slots"": [{""period"": ""Morning"", ""time"": ""09:00 AM - 12:00 PM"", ""type"": ""sightseeing"", ""tag"": ""Sightseeing"", ""icon"": ""sunrise"", ""title"": ""Visit Sivagiri Mutt"", ""description"": ""Explore **Sivagiri Mutt** - Spiritual and cultural center associated with Sree Narayana Guru."", ""specific_name"": ""Sivagiri Mutt""}, {""period"": ""Lunch"", ""time"": ""12:30 PM - 02:00 PM"", ""type"": ""dining"", ""tag"": ""Regional Dining"", ""icon"": ""utensils"", ""title"": ""Lunch at abc"", ""description"": ""Savor signature Kerala delicacies and regional specialities at **abc** in Varkala."", ""specific_name"": ""abc""}, {""period"": ""Afternoon"", ""time"": ""02:30 PM - 05:00 PM"", ""type"": ""sightseeing"", ""tag"": ""Afternoon Excursion"", ""icon"": ""sun"", ""title"": ""Excursion to Janardanaswamy Temple"", ""description"": ""Head to **Janardanaswamy Temple** - Historic Vishnu temple and important pilgrimage attraction near Varkala."", ""specific_name"": ""Janardanaswamy Temple""}, {""period"": ""Evening"", ""time"": ""05:30 PM - 07:30 PM"", ""type"": ""leisure"", ""tag"": ""Souvenir Shopping"", ""icon"": ""sunset"", ""title"": ""Souvenir Shopping & Golden Hour in Varkala"", ""description"": ""Stroll through Varkala town bazaars for organic spices, handcrafted souvenirs, and tea estates before wrapping up."", ""specific_name"": ""Varkala Promenade""}, {""period"": ""Dinner"", ""time"": ""08:00 PM - 10:00 PM"", ""type"": ""dining"", ""tag"": ""Dinner & Stay"", ""icon"": ""moon"", ""title"": ""Dinner at Darjeeling Cafe & Rest at Varkala Central Homestay"", ""description"": ""Conclude Day 5 with a relaxing dinner at **Darjeeling Cafe**, followed by an overnight rest at **Varkala Central Homestay**."", ""specific_name"": ""Varkala Central Homestay""}, {""period"": ""Custom Activity"", ""time"": ""Flexible Slot"", ""type"": ""custom"", ""tag"": ""Personalized Highlight"", ""icon"": ""sparkles"", ""title"": ""Custom Visit: Sivagiri Mutt"", ""description"": ""Spiritual and cultural center associated with Sree Narayana Guru."", ""specific_name"": ""Sivagiri Mutt""}, {""period"": ""Custom Activity"", ""time"": ""Flexible Slot"", ""type"": ""custom"", ""tag"": ""Personalized Highlight"", ""icon"": ""sparkles"", ""title"": ""Custom Visit: Janardanaswamy Temple"", ""description"": ""Historic Vishnu temple and important pilgrimage attraction near Varkala."", ""specific_name"": ""Janardanaswamy Temple""}]}]",22222.0,2026-10-02 01:07:25,2026-10-01,planned,Ponmudi & Varkala Multi-Destination Journey,balanced,moderate,"[{""destination_id"": 13, ""destination_name"": ""Ponmudi"", ""duration_days"": 3, ""hotel_id"": 49, ""hotel_name"": ""Ponmudi Central Budget Hotel"", ""hotel_price"": 700, ""selected_restaurants"": [], ""selected_attractions"": [{""description"": ""Misty hill attraction known for winding roads, viewpoints, forests, and cool climate."", ""destination_id"": 13, ""entry_fee"": 0, ""id"": 51, ""image_url"": ""https://commons.wikimedia.org/wiki/Special:FilePath/Ponmudi%20hills%201.jpg"", ""name"": ""Ponmudi Hills"", ""visit_time"": ""3 Hours""}, {""description"": ""Scenic valley with streams, forests, and mountain landscapes near Ponmudi."", ""destination_id"": 13, ""entry_fee"": 0, ""id"": 52, ""image_url"": ""https://encrypted-tbn0.gstatic.com/images?q=tbn:ANd9GcQVXJBs_LgPnKERmQ8ysmmAXALjgZzY6AQ1ZFYhGmUIi0wtd9ylruJFgAYN&s=10"", ""name"": ""Golden Valley"", ""visit_time"": ""2 Hours""}, {""description"": ""Natural attraction known for clear streams, rocky landscapes, and forest surroundings."", ""destination_id"": 13, ""entry_fee"": 0, ""id"": 53, ""image_url"": ""https://commons.wikimedia.org/wiki/Special:FilePath/Kallar.jpg"", ""name"": ""Kallar River"", ""visit_time"": ""2 Hours""}, {""description"": ""Forest sanctuary supporting wildlife, birds, rivers, and diverse vegetation."", ""destination_id"": 13, ""entry_fee"": 50, ""id"": 54, ""image_url"": ""https://commons.wikimedia.org/wiki/Special:FilePath/Peppara%20Wildlife%20Sanctuary.jpg"", ""name"": ""Peppara Wildlife Sanctuary"", ""visit_time"": ""4 Hours""}], ""transport_option"": {""amenities"": [""Direct point-to-point"", ""Standard Hatchback/Sedan"", ""Prepaid meter rates""], ""badge"": ""Best for Comfort"", ""category"": ""Taxi"", ""cost_breakdown"": {""base_fare"": 200, ""data_source"": ""Estimated via Municipal Taxi Meter Engine"", ""distance_fare"": 2802, ""distance_km"": 186.8, ""formula"": ""Base Fare (\u20b9200) + (186.8 km \u00d7 \u20b915.0/km) = \u20b93,002 \u00d7 1 taxi(s)"", ""per_km_rate"": 15, ""title"": ""Prepaid Taxi Cost Calculation"", ""transit_disclaimer"": ""Based on standard non-AC/AC municipal prepaid taxi rates (\u20b915/km)."", ""travelers"": 2, ""vehicles_needed"": 1}, ""cost_per_km"": 16.07, ""destination"": ""Varkala City Center"", ""distance_km"": 186.8, ""duration_formatted"": ""4h 06m"", ""duration_minutes"": 246, ""fare_per_person"": 1501, ""icon"": ""CarFront"", ""id"": 102, ""is_flat_vehicle_rate"": true, ""mode"": ""taxi"", ""personalized_reason"": ""Reliable connection for Ponmudi Stand to Varkala City Center."", ""price_label"": ""Estimated fare"", ""score"": 73, ""scoring_details"": {""budget_score"": 0.64, ""comfort_score"": 0.72, ""convenience_score"": 0.9, ""time_score"": 0.68, ""weights_used"": {""budget"": 0.15, ""comfort"": 0.4, ""convenience"": 0.2, ""time"": 0.25}}, ""source"": ""Ponmudi Stand"", ""total_fare"": 3002, ""transport_type"": ""Prepaid Taxi"", ""travelers"": 2, ""vehicles_count"": 1}}, {""destination_id"": 4, ""destination_name"": ""Varkala"", ""duration_days"": 2, ""hotel_id"": 19, ""hotel_name"": ""Varkala Central Homestay"", ""hotel_price"": 650, ""selected_restaurants"": [{""address"": ""Varkala Cliff"", ""avg_cost"": 500, ""cuisine"": ""Tibetan, Continental & Seafood"", ""destination_id"": 4, ""id"": 6, ""name"": ""Darjeeling Cafe"", ""rating"": 4.7}, {""address"": null, ""avg_cost"": 300, ""cuisine"": ""Local Cuisine"", ""destination_id"": 4, ""id"": 12, ""name"": ""abc"", ""rating"": 4.5}], ""selected_attractions"": [{""description"": ""Historic Vishnu temple and important pilgrimage attraction near Varkala."", ""destination_id"": 4, ""entry_fee"": 0, ""id"": 16, ""image_url"": ""https://commons.wikimedia.org/wiki/Special:FilePath/Janardanaswamitemple-Entrance.jpg"", ""name"": ""Janardanaswamy Temple"", ""visit_time"": ""1 Hour""}, {""description"": ""Spiritual and cultural center associated with Sree Narayana Guru."", ""destination_id"": 4, ""entry_fee"": 0, ""id"": 17, ""image_url"": ""https://encrypted-tbn0.gstatic.com/images?q=tbn:ANd9GcQSpdeHm4A_wKL8NRAhu_udQsHQsWknYmPXFBlZ_luowg&s=10"", ""name"": ""Sivagiri Mutt"", ""visit_time"": ""2 Hours""}], ""transport_option"": {""amenities"": [""Door-to-door pickup"", ""AC Sedan / SUV"", ""Luggage assistance"", ""Flexible stops en route""], ""badge"": ""Best Match"", ""category"": ""Private Cab"", ""cost_breakdown"": {""base_fare"": 300, ""data_source"": ""Estimated via Configurable Taxi Tariff Engine"", ""distance_fare"": 3362.4, ""distance_km"": 186.8, ""formula"": ""Base Fare (\u20b9300) + (186.8 km \u00d7 \u20b918.0/km) = \u20b93,662 per cab \u00d7 1 vehicle(s)"", ""per_km_rate"": 18, ""single_vehicle_fare"": 3662.4, ""title"": ""Private Cab Cost Calculation"", ""transit_disclaimer"": ""Fares are calculated based on standard regional taxi tariffs (\u20b918/km). Tolls, parking, and peak charges may vary."", ""travelers"": 2, ""vehicles_needed"": 1}, ""cost_per_km"": 19.6, ""destination"": ""Varkala"", ""distance_km"": 186.8, ""duration_formatted"": ""3h 54m"", ""duration_minutes"": 234, ""fare_per_person"": 1831, ""icon"": ""Car"", ""id"": 101, ""is_flat_vehicle_rate"": true, ""is_top_match"": true, ""mode"": ""cab"", ""personalized_reason"": ""Direct road journey taking ~3h 54m with maximum luggage convenience."", ""price_label"": ""Estimated fare"", ""score"": 86, ""scoring_details"": {""budget_score"": 0.56, ""comfort_score"": 1, ""convenience_score"": 0.95, ""time_score"": 0.76, ""weights_used"": {""budget"": 0.15, ""comfort"": 0.4, ""convenience"": 0.2, ""time"": 0.25}}, ""source"": ""Ponmudi"", ""total_fare"": 3662, ""transport_type"": ""Private AC Cab"", ""travelers"": 2, ""vehicles_count"": 1}}]","{""origin"": ""Ponmudi"", ""primary_destination"": ""Ponmudi"", ""secondary_destination"": ""Varkala"", ""distance_km"": 186.8}",95.0,"{""accommodationCost"": 3400, ""transportCost"": 6664, ""foodCost"": 10200, ""sightseeingCost"": 700, ""miscCost"": 1258, ""totalEstimatedCost"": 22222, ""perPersonCost"": 11111, ""dailyAverageCost"": 4444, ""isWithinBudget"": false, ""budgetVariance"": -7222, ""budgetUtilizedPct"": 100, ""roomsNeeded"": 1, ""nights"": 5}"
26,7,10,Chennamangallur,15000.0,2,3,[],"[{""day"": 1, ""segment_index"": 0, ""destination_id"": 10, ""destination_name"": ""Vagamon"", ""theme"": ""Day 1: Highlights of Vagamon (Day 1 of 2)"", ""morning"": ""Travel from **Chennamangallur** to **Vagamon** via **Private AC Cab**. Check in to **Vagamon Central Budget Hotel**, freshen up and settle in."", ""lunch"": ""Savor signature Kerala delicacies and regional specialities at **Traditional Vagamon Bistro** in Vagamon."", ""afternoon"": ""Head to **Vagamon Pine Forest** - Popular scenic attraction surrounded by tall pine trees and misty hills."", ""evening"": ""Experience the breathtaking sunset views and refreshing mountain breeze in Vagamon."", ""dinner"": ""Conclude Day 1 with a relaxing dinner at **Garden Terrace Restaurant in Vagamon**, followed by an overnight rest at **Vagamon Central Budget Hotel**."", ""hotel_name"": ""Vagamon Central Budget Hotel"", ""slots"": [{""period"": ""Morning"", ""time"": ""09:00 AM - 12:00 PM"", ""type"": ""transit"", ""tag"": ""Arrival & Check-in"", ""icon"": ""sunrise"", ""title"": ""Arrival in Vagamon & Check-in at Vagamon Central Budget Hotel"", ""description"": ""Travel from **Chennamangallur** to **Vagamon** via **Private AC Cab**. Check in to **Vagamon Central Budget Hotel**, freshen up and settle in."", ""specific_name"": ""Vagamon Central Budget Hotel""}, {""period"": ""Lunch"", ""time"": ""12:30 PM - 02:00 PM"", ""type"": ""dining"", ""tag"": ""Regional Dining"", ""icon"": ""utensils"", ""title"": ""Lunch at Traditional Vagamon Bistro"", ""description"": ""Savor signature Kerala delicacies and regional specialities at **Traditional Vagamon Bistro** in Vagamon."", ""specific_name"": ""Traditional Vagamon Bistro""}, {""period"": ""Afternoon"", ""time"": ""02:30 PM - 05:00 PM"", ""type"": ""sightseeing"", ""tag"": ""Afternoon Excursion"", ""icon"": ""sun"", ""title"": ""Excursion to Vagamon Pine Forest"", ""description"": ""Head to **Vagamon Pine Forest** - Popular scenic attraction surrounded by tall pine trees and misty hills."", ""specific_name"": ""Vagamon Pine Forest""}, {""period"": ""Evening"", ""time"": ""05:30 PM - 07:30 PM"", ""type"": ""leisure"", ""tag"": ""Sunset Overlook"", ""icon"": ""sunset"", ""title"": ""Sunset Point & Tea Estate Stroll in Vagamon"", ""description"": ""Experience the breathtaking sunset views and refreshing mountain breeze in Vagamon."", ""specific_name"": ""Vagamon Promenade""}, {""period"": ""Dinner"", ""time"": ""08:00 PM - 10:00 PM"", ""type"": ""dining"", ""tag"": ""Dinner & Stay"", ""icon"": ""moon"", ""title"": ""Dinner at Garden Terrace Restaurant in Vagamon & Rest at Vagamon Central Budget Hotel"", ""description"": ""Conclude Day 1 with a relaxing dinner at **Garden Terrace Restaurant in Vagamon**, followed by an overnight rest at **Vagamon Central Budget Hotel**."", ""specific_name"": ""Vagamon Central Budget Hotel""}]}, {""day"": 2, ""segment_index"": 0, ""destination_id"": 10, ""destination_name"": ""Vagamon"", ""theme"": ""Day 2: Highlights of Vagamon (Day 2 of 2)"", ""morning"": ""Explore **Vagamon Meadows** - Green rolling meadows ideal for sightseeing, photography, and relaxation."", ""lunch"": ""Savor signature Kerala delicacies and regional specialities at **Garden Terrace Restaurant in Vagamon** in Vagamon."", ""afternoon"": ""Head to **Vagamon Lake** (Entry: \u20b9100) - Peaceful lake surrounded by hills and greenery, suitable for boating and recreation."", ""evening"": ""Experience the breathtaking sunset views and refreshing mountain breeze in Vagamon."", ""dinner"": ""Conclude Day 2 with a relaxing dinner at **Traditional Vagamon Bistro**, followed by an overnight rest at **Vagamon Central Budget Hotel**."", ""hotel_name"": ""Vagamon Central Budget Hotel"", ""slots"": [{""period"": ""Morning"", ""time"": ""09:00 AM - 12:00 PM"", ""type"": ""sightseeing"", ""tag"": ""Sightseeing"", ""icon"": ""sunrise"", ""title"": ""Visit Vagamon Meadows"", ""description"": ""Explore **Vagamon Meadows** - Green rolling meadows ideal for sightseeing, photography, and relaxation."", ""specific_name"": ""Vagamon Meadows""}, {""period"": ""Lunch"", ""time"": ""12:30 PM - 02:00 PM"", ""type"": ""dining"", ""tag"": ""Regional Dining"", ""icon"": ""utensils"", ""title"": ""Lunch at Garden Terrace Restaurant in Vagamon"", ""description"": ""Savor signature Kerala delicacies and regional specialities at **Garden Terrace Restaurant in Vagamon** in Vagamon."", ""specific_name"": ""Garden Terrace Restaurant in Vagamon""}, {""period"": ""Afternoon"", ""time"": ""02:30 PM - 05:00 PM"", ""type"": ""sightseeing"", ""tag"": ""Afternoon Excursion"", ""icon"": ""sun"", ""title"": ""Excursion to Vagamon Lake"", ""description"": ""Head to **Vagamon Lake** (Entry: \u20b9100) - Peaceful lake surrounded by hills and greenery, suitable for boating and recreation."", ""specific_name"": ""Vagamon Lake""}, {""period"": ""Evening"", ""time"": ""05:30 PM - 07:30 PM"", ""type"": ""leisure"", ""tag"": ""Sunset Overlook"", ""icon"": ""sunset"", ""title"": ""Sunset Point & Tea Estate Stroll in Vagamon"", ""description"": ""Experience the breathtaking sunset views and refreshing mountain breeze in Vagamon."", ""specific_name"": ""Vagamon Promenade""}, {""period"": ""Dinner"", ""time"": ""08:00 PM - 10:00 PM"", ""type"": ""dining"", ""tag"": ""Dinner & Stay"", ""icon"": ""moon"", ""title"": ""Dinner at Traditional Vagamon Bistro & Rest at Vagamon Central Budget Hotel"", ""description"": ""Conclude Day 2 with a relaxing dinner at **Traditional Vagamon Bistro**, followed by an overnight rest at **Vagamon Central Budget Hotel**."", ""specific_name"": ""Vagamon Central Budget Hotel""}]}, {""day"": 3, ""segment_index"": 1, ""destination_id"": 1, ""destination_name"": ""Munnar"", ""theme"": ""Day 3: Highlights of Munnar (Day 1 of 1)"", ""morning"": ""Check out from Vagamon Central Budget Hotel in Vagamon. Scenic mountain transfer to **Munnar** via **Private AC Cab**. Check in to **Tea Valley Resort**."", ""lunch"": ""Savor signature Kerala delicacies and regional specialities at **Rapsy Restaurant** in Munnar."", ""afternoon"": ""Head to **Eravikulam National Park** (Entry: \u20b9200) - Protected mountain park famous for Nilgiri Tahr, rolling grasslands, and scenic Western Ghats landscapes."", ""evening"": ""Stroll through Munnar town bazaars for organic spices, handcrafted souvenirs, and tea estates before wrapping up."", ""dinner"": ""Conclude Day 3 with a relaxing dinner at **example**, followed by an overnight rest at **Tea Valley Resort**."", ""hotel_name"": ""Tea Valley Resort"", ""slots"": [{""period"": ""Morning"", ""time"": ""09:00 AM - 12:00 PM"", ""type"": ""transit"", ""tag"": ""Inter-City Transfer"", ""icon"": ""car"", ""title"": ""Transfer to Munnar & Check-in at Tea Valley Resort"", ""description"": ""Check out from Vagamon Central Budget Hotel in Vagamon. Scenic mountain transfer to **Munnar** via **Private AC Cab**. Check in to **Tea Valley Resort**."", ""specific_name"": ""Tea Valley Resort""}, {""period"": ""Lunch"", ""time"": ""12:30 PM - 02:00 PM"", ""type"": ""dining"", ""tag"": ""Regional Dining"", ""icon"": ""utensils"", ""title"": ""Lunch at Rapsy Restaurant"", ""description"": ""Savor signature Kerala delicacies and regional specialities at **Rapsy Restaurant** in Munnar."", ""specific_name"": ""Rapsy Restaurant""}, {""period"": ""Afternoon"", ""time"": ""02:30 PM - 05:00 PM"", ""type"": ""sightseeing"", ""tag"": ""Afternoon Excursion"", ""icon"": ""sun"", ""title"": ""Excursion to Eravikulam National Park"", ""description"": ""Head to **Eravikulam National Park** (Entry: \u20b9200) - Protected mountain park famous for Nilgiri Tahr, rolling grasslands, and scenic Western Ghats landscapes."", ""specific_name"": ""Eravikulam National Park""}, {""period"": ""Evening"", ""time"": ""05:30 PM - 07:30 PM"", ""type"": ""leisure"", ""tag"": ""Souvenir Shopping"", ""icon"": ""sunset"", ""title"": ""Souvenir Shopping & Golden Hour in Munnar"", ""description"": ""Stroll through Munnar town bazaars for organic spices, handcrafted souvenirs, and tea estates before wrapping up."", ""specific_name"": ""Munnar Promenade""}, {""period"": ""Dinner"", ""time"": ""08:00 PM - 10:00 PM"", ""type"": ""dining"", ""tag"": ""Dinner & Stay"", ""icon"": ""moon"", ""title"": ""Dinner at example & Rest at Tea Valley Resort"", ""description"": ""Conclude Day 3 with a relaxing dinner at **example**, followed by an overnight rest at **Tea Valley Resort**."", ""specific_name"": ""Tea Valley Resort""}]}]",20398.0,2026-10-02 20:10:19,2026-10-02,planned,new trip,balanced,moderate,"[{""destination_id"": 10, ""destination_name"": ""Vagamon"", ""duration_days"": 2, ""hotel_id"": 37, ""hotel_name"": ""Vagamon Central Budget Hotel"", ""hotel_price"": 850, ""selected_restaurants"": [], ""selected_attractions"": [{""description"": ""Popular scenic attraction surrounded by tall pine trees and misty hills."", ""destination_id"": 10, ""entry_fee"": 0, ""id"": 39, ""image_url"": ""https://commons.wikimedia.org/wiki/Special:FilePath/Vagamon%20Pine%20Forest.jpg"", ""name"": ""Vagamon Pine Forest"", ""visit_time"": ""2 Hours""}, {""description"": ""Green rolling meadows ideal for sightseeing, photography, and relaxation."", ""destination_id"": 10, ""entry_fee"": 0, ""id"": 40, ""image_url"": ""https://encrypted-tbn0.gstatic.com/images?q=tbn:ANd9GcQ8t3BEvLR9VqkuuxEpurH-K7W6SYoD_mbLgD3Cebfaqw&s=10"", ""name"": ""Vagamon Meadows"", ""visit_time"": ""2 Hours""}, {""description"": ""Peaceful lake surrounded by hills and greenery, suitable for boating and recreation."", ""destination_id"": 10, ""entry_fee"": 100, ""id"": 41, ""image_url"": ""https://encrypted-tbn0.gstatic.com/images?q=tbn:ANd9GcRl0bGUB9UxlwMbqQ8CGKG6X6pTpEjWKQ6b6nFIpfnU_g&s=10"", ""name"": ""Vagamon Lake"", ""visit_time"": ""2 Hours""}, {""description"": ""Outdoor recreation area offering adventure activities and scenic hill views."", ""destination_id"": 10, ""entry_fee"": 300, ""id"": 42, ""image_url"": ""https://encrypted-tbn0.gstatic.com/images?q=tbn:ANd9GcT3tzgxLdFQIBr459HoJLnLW5SioSzn8jNfGRT5Qqj2Nw&s=10"", ""name"": ""Vagamon Adventure Park"", ""visit_time"": ""3 Hours""}], ""transport_option"": {""amenities"": [""Door-to-door pickup"", ""AC Sedan / SUV"", ""Luggage assistance"", ""Flexible stops en route""], ""badge"": ""Best Match"", ""category"": ""Private Cab"", ""cost_breakdown"": {""base_fare"": 300, ""data_source"": ""Estimated via Configurable Taxi Tariff Engine"", ""distance_fare"": 4874.4, ""distance_km"": 270.8, ""formula"": ""Base Fare (\u20b9300) + (270.8 km \u00d7 \u20b918.0/km) = \u20b95,174 per cab \u00d7 1 vehicle(s)"", ""per_km_rate"": 18, ""single_vehicle_fare"": 5174.4, ""title"": ""Private Cab Cost Calculation"", ""transit_disclaimer"": ""Fares are calculated based on standard regional taxi tariffs (\u20b918/km). Tolls, parking, and peak charges may vary."", ""travelers"": 2, ""vehicles_needed"": 1}, ""cost_per_km"": 19.11, ""destination"": ""Vagamon"", ""distance_km"": 270.8, ""duration_formatted"": ""5h 38m"", ""duration_minutes"": 338, ""fare_per_person"": 2587, ""icon"": ""Car"", ""id"": 101, ""is_flat_vehicle_rate"": true, ""is_top_match"": true, ""mode"": ""cab"", ""personalized_reason"": ""Direct road journey taking ~5h 38m with maximum luggage convenience."", ""price_label"": ""Estimated fare"", ""score"": 87, ""scoring_details"": {""budget_score"": 0.44, ""comfort_score"": 1, ""convenience_score"": 0.95, ""time_score"": 0.85, ""weights_used"": {""budget"": 0.15, ""comfort"": 0.4, ""convenience"": 0.2, ""time"": 0.25}}, ""source"": ""Chennamangallur"", ""total_fare"": 5174, ""transport_type"": ""Private AC Cab"", ""travelers"": 2, ""vehicles_count"": 1}}, {""destination_id"": 1, ""destination_name"": ""Munnar"", ""duration_days"": 1, ""hotel_id"": 1, ""hotel_name"": ""Tea Valley Resort"", ""hotel_price"": 3500, ""selected_restaurants"": [{""address"": ""Munnar Main Market"", ""avg_cost"": 250, ""cuisine"": ""Kerala & North Indian"", ""destination_id"": 1, ""id"": 1, ""name"": ""Rapsy Restaurant"", ""rating"": 4.4}, {""address"": null, ""avg_cost"": 570, ""cuisine"": ""Local Cuisine"", ""destination_id"": 1, ""id"": 13, ""name"": ""example"", ""rating"": 4}, {""address"": ""Bazaar Road, Munnar"", ""avg_cost"": 450, ""cuisine"": ""Kerala Traditional, Seafood, South Indian"", ""destination_id"": 1, ""id"": 16, ""name"": ""Spice Fusion"", ""rating"": 4.5}], ""selected_attractions"": [{""description"": ""Protected mountain park famous for Nilgiri Tahr, rolling grasslands, and scenic Western Ghats landscapes."", ""destination_id"": 1, ""entry_fee"": 200, ""id"": 1, ""image_url"": ""https://commons.wikimedia.org/wiki/Special:FilePath/Eravikulam%20National%20Park.jpg"", ""name"": ""Eravikulam National Park"", ""visit_time"": ""3 Hours""}, {""description"": ""Scenic dam surrounded by tea plantations and mountains, offering boating and beautiful lake views."", ""destination_id"": 1, ""entry_fee"": 50, ""id"": 2, ""image_url"": ""https://commons.wikimedia.org/wiki/Special:FilePath/Mattupetty%20Dam%2C%20Munnar%2C%20Kerala%2C%20India.jpg"", ""name"": ""Mattupetty Dam"", ""visit_time"": ""2 Hours""}], ""transport_option"": {""amenities"": [""Door-to-door pickup"", ""AC Sedan / SUV"", ""Luggage assistance"", ""Flexible stops en route""], ""badge"": ""Best Match"", ""category"": ""Private Cab"", ""cost_breakdown"": {""base_fare"": 300, ""data_source"": ""Estimated via Configurable Taxi Tariff Engine"", ""distance_fare"": 1128.6, ""distance_km"": 62.7, ""formula"": ""Base Fare (\u20b9300) + (62.7 km \u00d7 \u20b918.0/km) = \u20b91,428 per cab \u00d7 1 vehicle(s)"", ""per_km_rate"": 18, ""single_vehicle_fare"": 1428.6, ""title"": ""Private Cab Cost Calculation"", ""transit_disclaimer"": ""Fares are calculated based on standard regional taxi tariffs (\u20b918/km). Tolls, parking, and peak charges may vary."", ""travelers"": 2, ""vehicles_needed"": 1}, ""cost_per_km"": 22.79, ""destination"": ""Munnar"", ""distance_km"": 62.7, ""duration_formatted"": ""1h 18m"", ""duration_minutes"": 78, ""fare_per_person"": 714.5, ""icon"": ""Car"", ""id"": 101, ""is_flat_vehicle_rate"": true, ""is_top_match"": true, ""mode"": ""cab"", ""personalized_reason"": ""Direct road journey taking ~1h 18m with maximum luggage convenience."", ""price_label"": ""Estimated fare"", ""score"": 94, ""scoring_details"": {""budget_score"": 0.83, ""comfort_score"": 1, ""convenience_score"": 0.95, ""time_score"": 0.9, ""weights_used"": {""budget"": 0.15, ""comfort"": 0.4, ""convenience"": 0.2, ""time"": 0.25}}, ""source"": ""Vagamon"", ""total_fare"": 1429, ""transport_type"": ""Private AC Cab"", ""travelers"": 2, ""vehicles_count"": 1}}]","{""origin"": ""Chennamangallur"", ""primary_destination"": ""Vagamon"", ""stops"": [""Vagamon"", ""Munnar""], ""distance_km"": 270.8}",95.0,"{""accommodationCost"": 5200, ""transportCost"": 6603, ""foodCost"": 6140, ""sightseeingCost"": 1300, ""miscCost"": 1155, ""totalEstimatedCost"": 20398, ""perPersonCost"": 10199, ""dailyAverageCost"": 6799, ""isWithinBudget"": false, ""budgetVariance"": -5398, ""budgetUtilizedPct"": 100, ""roomsNeeded"": 1, ""nights"": 3}"
27,7,10,Munnar,15000.0,2,4,[],"[{""day"": 1, ""segment_index"": 0, ""destination_id"": 10, ""destination_name"": ""Vagamon"", ""theme"": ""Day 1: Highlights of Vagamon (Day 1 of 2)"", ""morning"": ""Explore **Vagamon Pine Forest** - Popular scenic attraction surrounded by tall pine trees and misty hills."", ""lunch"": ""Savor signature Kerala delicacies and regional specialities at **Traditional Vagamon Bistro** in Vagamon."", ""afternoon"": ""Head to **Vagamon Meadows** - Green rolling meadows ideal for sightseeing, photography, and relaxation."", ""evening"": ""Experience the breathtaking sunset views and refreshing mountain breeze in Vagamon."", ""dinner"": ""Conclude Day 1 with a relaxing dinner at **Garden Terrace Restaurant in Vagamon**, followed by an overnight rest at **Vagamon Central Budget Hotel**."", ""hotel_name"": ""Vagamon Central Budget Hotel"", ""slots"": [{""period"": ""Morning"", ""time"": ""09:00 AM - 12:00 PM"", ""type"": ""sightseeing"", ""tag"": ""Morning Sightseeing"", ""icon"": ""sunrise"", ""title"": ""Visit Vagamon Pine Forest"", ""description"": ""Explore **Vagamon Pine Forest** - Popular scenic attraction surrounded by tall pine trees and misty hills."", ""specific_name"": ""Vagamon Pine Forest""}, {""period"": ""Lunch"", ""time"": ""12:30 PM - 02:00 PM"", ""type"": ""dining"", ""tag"": ""Regional Dining"", ""icon"": ""utensils"", ""title"": ""Lunch at Traditional Vagamon Bistro"", ""description"": ""Savor signature Kerala delicacies and regional specialities at **Traditional Vagamon Bistro** in Vagamon."", ""specific_name"": ""Traditional Vagamon Bistro""}, {""period"": ""Afternoon"", ""time"": ""02:30 PM - 05:00 PM"", ""type"": ""sightseeing"", ""tag"": ""Afternoon Excursion"", ""icon"": ""sun"", ""title"": ""Excursion to Vagamon Meadows"", ""description"": ""Head to **Vagamon Meadows** - Green rolling meadows ideal for sightseeing, photography, and relaxation."", ""specific_name"": ""Vagamon Meadows""}, {""period"": ""Evening"", ""time"": ""05:30 PM - 07:30 PM"", ""type"": ""leisure"", ""tag"": ""Sunset Overlook"", ""icon"": ""sunset"", ""title"": ""Sunset Point & Tea Estate Stroll in Vagamon"", ""description"": ""Experience the breathtaking sunset views and refreshing mountain breeze in Vagamon."", ""specific_name"": ""Vagamon Promenade""}, {""period"": ""Dinner"", ""time"": ""08:00 PM - 10:00 PM"", ""type"": ""dining"", ""tag"": ""Dinner & Stay"", ""icon"": ""moon"", ""title"": ""Dinner at Garden Terrace Restaurant in Vagamon & Rest at Vagamon Central Budget Hotel"", ""description"": ""Conclude Day 1 with a relaxing dinner at **Garden Terrace Restaurant in Vagamon**, followed by an overnight rest at **Vagamon Central Budget Hotel**."", ""specific_name"": ""Vagamon Central Budget Hotel""}]}, {""day"": 2, ""segment_index"": 0, ""destination_id"": 10, ""destination_name"": ""Vagamon"", ""theme"": ""Day 2: Highlights of Vagamon (Day 2 of 2)"", ""morning"": ""Explore **Vagamon Lake** (Entry: \u20b9100) - Peaceful lake surrounded by hills and greenery, suitable for boating and recreation."", ""lunch"": ""Savor signature Kerala delicacies and regional specialities at **Garden Terrace Restaurant in Vagamon** in Vagamon."", ""afternoon"": ""Head to **Vagamon Adventure Park** (Entry: \u20b9300) - Outdoor recreation area offering adventure activities and scenic hill views."", ""evening"": ""Experience the breathtaking sunset views and refreshing mountain breeze in Vagamon."", ""dinner"": ""Conclude Day 2 with a relaxing dinner at **Traditional Vagamon Bistro**, followed by an overnight rest at **Vagamon Central Budget Hotel**."", ""hotel_name"": ""Vagamon Central Budget Hotel"", ""slots"": [{""period"": ""Morning"", ""time"": ""09:00 AM - 12:00 PM"", ""type"": ""sightseeing"", ""tag"": ""Morning Sightseeing"", ""icon"": ""sunrise"", ""title"": ""Visit Vagamon Lake"", ""description"": ""Explore **Vagamon Lake** (Entry: \u20b9100) - Peaceful lake surrounded by hills and greenery, suitable for boating and recreation."", ""specific_name"": ""Vagamon Lake""}, {""period"": ""Lunch"", ""time"": ""12:30 PM - 02:00 PM"", ""type"": ""dining"", ""tag"": ""Regional Dining"", ""icon"": ""utensils"", ""title"": ""Lunch at Garden Terrace Restaurant in Vagamon"", ""description"": ""Savor signature Kerala delicacies and regional specialities at **Garden Terrace Restaurant in Vagamon** in Vagamon."", ""specific_name"": ""Garden Terrace Restaurant in Vagamon""}, {""period"": ""Afternoon"", ""time"": ""02:30 PM - 05:00 PM"", ""type"": ""sightseeing"", ""tag"": ""Afternoon Excursion"", ""icon"": ""sun"", ""title"": ""Excursion to Vagamon Adventure Park"", ""description"": ""Head to **Vagamon Adventure Park** (Entry: \u20b9300) - Outdoor recreation area offering adventure activities and scenic hill views."", ""specific_name"": ""Vagamon Adventure Park""}, {""period"": ""Evening"", ""time"": ""05:30 PM - 07:30 PM"", ""type"": ""leisure"", ""tag"": ""Sunset Overlook"", ""icon"": ""sunset"", ""title"": ""Sunset Point & Tea Estate Stroll in Vagamon"", ""description"": ""Experience the breathtaking sunset views and refreshing mountain breeze in Vagamon."", ""specific_name"": ""Vagamon Promenade""}, {""period"": ""Dinner"", ""time"": ""08:00 PM - 10:00 PM"", ""type"": ""dining"", ""tag"": ""Dinner & Stay"", ""icon"": ""moon"", ""title"": ""Dinner at Traditional Vagamon Bistro & Rest at Vagamon Central Budget Hotel"", ""description"": ""Conclude Day 2 with a relaxing dinner at **Traditional Vagamon Bistro**, followed by an overnight rest at **Vagamon Central Budget Hotel**."", ""specific_name"": ""Vagamon Central Budget Hotel""}]}, {""day"": 3, ""segment_index"": 1, ""destination_id"": 1, ""destination_name"": ""Munnar"", ""theme"": ""Day 3: Highlights of Munnar (Day 1 of 1)"", ""morning"": ""Explore **Eravikulam National Park** (Entry: \u20b9200) - Protected mountain park famous for Nilgiri Tahr, rolling grasslands, and scenic Western Ghats landscapes."", ""lunch"": ""Savor signature Kerala delicacies and regional specialities at **Rapsy Restaurant** in Munnar."", ""afternoon"": ""Head to **Mattupetty Dam** (Entry: \u20b950) - Scenic dam surrounded by tea plantations and mountains, offering boating and beautiful lake views."", ""evening"": ""Experience the breathtaking sunset views and refreshing mountain breeze in Munnar."", ""dinner"": ""Conclude Day 3 with a relaxing dinner at **example**, followed by an overnight rest at **Tea Valley Resort**."", ""hotel_name"": ""Tea Valley Resort"", ""slots"": [{""period"": ""Morning"", ""time"": ""09:00 AM - 12:00 PM"", ""type"": ""sightseeing"", ""tag"": ""Morning Sightseeing"", ""icon"": ""sunrise"", ""title"": ""Visit Eravikulam National Park"", ""description"": ""Explore **Eravikulam National Park** (Entry: \u20b9200) - Protected mountain park famous for Nilgiri Tahr, rolling grasslands, and scenic Western Ghats landscapes."", ""specific_name"": ""Eravikulam National Park""}, {""period"": ""Lunch"", ""time"": ""12:30 PM - 02:00 PM"", ""type"": ""dining"", ""tag"": ""Regional Dining"", ""icon"": ""utensils"", ""title"": ""Lunch at Rapsy Restaurant"", ""description"": ""Savor signature Kerala delicacies and regional specialities at **Rapsy Restaurant** in Munnar."", ""specific_name"": ""Rapsy Restaurant""}, {""period"": ""Afternoon"", ""time"": ""02:30 PM - 05:00 PM"", ""type"": ""sightseeing"", ""tag"": ""Afternoon Excursion"", ""icon"": ""sun"", ""title"": ""Excursion to Mattupetty Dam"", ""description"": ""Head to **Mattupetty Dam** (Entry: \u20b950) - Scenic dam surrounded by tea plantations and mountains, offering boating and beautiful lake views."", ""specific_name"": ""Mattupetty Dam""}, {""period"": ""Evening"", ""time"": ""05:30 PM - 07:30 PM"", ""type"": ""leisure"", ""tag"": ""Sunset Overlook"", ""icon"": ""sunset"", ""title"": ""Sunset Point & Tea Estate Stroll in Munnar"", ""description"": ""Experience the breathtaking sunset views and refreshing mountain breeze in Munnar."", ""specific_name"": ""Munnar Promenade""}, {""period"": ""Dinner"", ""time"": ""08:00 PM - 10:00 PM"", ""type"": ""dining"", ""tag"": ""Dinner & Stay"", ""icon"": ""moon"", ""title"": ""Dinner at example & Rest at Tea Valley Resort"", ""description"": ""Conclude Day 3 with a relaxing dinner at **example**, followed by an overnight rest at **Tea Valley Resort**."", ""specific_name"": ""Tea Valley Resort""}]}, {""day"": 4, ""segment_index"": 2, ""destination_id"": 6, ""destination_name"": ""Thekkady"", ""theme"": ""Day 4: Highlights of Thekkady (Day 1 of 1)"", ""morning"": ""Explore **Periyar Lake Boating** (Entry: \u20b9250) - Boat safari through the Periyar wildlife sanctuary with opportunities to observe wildlife."", ""lunch"": ""Savor signature Kerala delicacies and regional specialities at **Waterfalls Cafe** in Thekkady."", ""afternoon"": ""Head to **Jungle Bamboo Rafting** (Entry: \u20b91800) - Adventure activity combining forest trekking and bamboo rafting through the reserve."", ""evening"": ""Stroll through Thekkady town bazaars for organic spices, handcrafted souvenirs, and tea estates before wrapping up."", ""dinner"": ""Conclude Day 4 with a relaxing dinner at **Waterfalls Cafe**, followed by an overnight rest at **Rainforest Resort**."", ""hotel_name"": ""Rainforest Resort"", ""slots"": [{""period"": ""Morning"", ""time"": ""09:00 AM - 12:00 PM"", ""type"": ""sightseeing"", ""tag"": ""Morning Sightseeing"", ""icon"": ""sunrise"", ""title"": ""Visit Periyar Lake Boating"", ""description"": ""Explore **Periyar Lake Boating** (Entry: \u20b9250) - Boat safari through the Periyar wildlife sanctuary with opportunities to observe wildlife."", ""specific_name"": ""Periyar Lake Boating""}, {""period"": ""Lunch"", ""time"": ""12:30 PM - 02:00 PM"", ""type"": ""dining"", ""tag"": ""Regional Dining"", ""icon"": ""utensils"", ""title"": ""Lunch at Waterfalls Cafe"", ""description"": ""Savor signature Kerala delicacies and regional specialities at **Waterfalls Cafe** in Thekkady."", ""specific_name"": ""Waterfalls Cafe""}, {""period"": ""Afternoon"", ""time"": ""02:30 PM - 05:00 PM"", ""type"": ""sightseeing"", ""tag"": ""Afternoon Excursion"", ""icon"": ""sun"", ""title"": ""Excursion to Jungle Bamboo Rafting"", ""description"": ""Head to **Jungle Bamboo Rafting** (Entry: \u20b91800) - Adventure activity combining forest trekking and bamboo rafting through the reserve."", ""specific_name"": ""Jungle Bamboo Rafting""}, {""period"": ""Evening"", ""time"": ""05:30 PM - 07:30 PM"", ""type"": ""leisure"", ""tag"": ""Souvenir Shopping"", ""icon"": ""sunset"", ""title"": ""Souvenir Shopping & Golden Hour in Thekkady"", ""description"": ""Stroll through Thekkady town bazaars for organic spices, handcrafted souvenirs, and tea estates before wrapping up."", ""specific_name"": ""Thekkady Promenade""}, {""period"": ""Dinner"", ""time"": ""08:00 PM - 10:00 PM"", ""type"": ""dining"", ""tag"": ""Dinner & Stay"", ""icon"": ""moon"", ""title"": ""Dinner at Waterfalls Cafe & Rest at Rainforest Resort"", ""description"": ""Conclude Day 4 with a relaxing dinner at **Waterfalls Cafe**, followed by an overnight rest at **Rainforest Resort**."", ""specific_name"": ""Rainforest Resort""}]}]",39382.0,2026-10-02 20:54:30,2026-10-02,planned,trip mode,balanced,moderate,"[{""destination_id"": 10, ""destination_name"": ""Vagamon"", ""duration_days"": 2, ""hotel_id"": 37, ""hotel_name"": ""Vagamon Central Budget Hotel"", ""hotel_price"": 850, ""selected_restaurants"": [], ""selected_attractions"": [{""description"": ""Popular scenic attraction surrounded by tall pine trees and misty hills."", ""destination_id"": 10, ""entry_fee"": 0, ""id"": 39, ""image_url"": ""https://commons.wikimedia.org/wiki/Special:FilePath/Vagamon%20Pine%20Forest.jpg"", ""name"": ""Vagamon Pine Forest"", ""visit_time"": ""2 Hours""}, {""description"": ""Green rolling meadows ideal for sightseeing, photography, and relaxation."", ""destination_id"": 10, ""entry_fee"": 0, ""id"": 40, ""image_url"": ""https://encrypted-tbn0.gstatic.com/images?q=tbn:ANd9GcQ8t3BEvLR9VqkuuxEpurH-K7W6SYoD_mbLgD3Cebfaqw&s=10"", ""name"": ""Vagamon Meadows"", ""visit_time"": ""2 Hours""}, {""description"": ""Peaceful lake surrounded by hills and greenery, suitable for boating and recreation."", ""destination_id"": 10, ""entry_fee"": 100, ""id"": 41, ""image_url"": ""https://encrypted-tbn0.gstatic.com/images?q=tbn:ANd9GcRl0bGUB9UxlwMbqQ8CGKG6X6pTpEjWKQ6b6nFIpfnU_g&s=10"", ""name"": ""Vagamon Lake"", ""visit_time"": ""2 Hours""}, {""description"": ""Outdoor recreation area offering adventure activities and scenic hill views."", ""destination_id"": 10, ""entry_fee"": 300, ""id"": 42, ""image_url"": ""https://encrypted-tbn0.gstatic.com/images?q=tbn:ANd9GcT3tzgxLdFQIBr459HoJLnLW5SioSzn8jNfGRT5Qqj2Nw&s=10"", ""name"": ""Vagamon Adventure Park"", ""visit_time"": ""3 Hours""}], ""transport_option"": {""amenities"": [""Door-to-door pickup"", ""AC Sedan / SUV"", ""Luggage assistance"", ""Flexible stops en route""], ""badge"": ""Best Match"", ""category"": ""Private Cab"", ""cost_breakdown"": {""base_fare"": 300, ""data_source"": ""Estimated via Configurable Taxi Tariff Engine"", ""distance_fare"": 4874.4, ""distance_km"": 270.8, ""formula"": ""Base Fare (\u20b9300) + (270.8 km \u00d7 \u20b918.0/km) = \u20b95,174 per cab \u00d7 1 vehicle(s)"", ""per_km_rate"": 18, ""single_vehicle_fare"": 5174.4, ""title"": ""Private Cab Cost Calculation"", ""transit_disclaimer"": ""Fares are calculated based on standard regional taxi tariffs (\u20b918/km). Tolls, parking, and peak charges may vary."", ""travelers"": 2, ""vehicles_needed"": 1}, ""cost_per_km"": 19.11, ""destination"": ""Vagamon"", ""distance_km"": 270.8, ""duration_formatted"": ""5h 38m"", ""duration_minutes"": 338, ""fare_per_person"": 2587, ""icon"": ""Car"", ""id"": 101, ""is_flat_vehicle_rate"": true, ""is_top_match"": true, ""mode"": ""cab"", ""personalized_reason"": ""Direct road journey taking ~5h 38m with maximum luggage convenience."", ""price_label"": ""Estimated fare"", ""score"": 87, ""scoring_details"": {""budget_score"": 0.44, ""comfort_score"": 1, ""convenience_score"": 0.95, ""time_score"": 0.85, ""weights_used"": {""budget"": 0.15, ""comfort"": 0.4, ""convenience"": 0.2, ""time"": 0.25}}, ""source"": ""Chennamangallur"", ""total_fare"": 5174, ""transport_type"": ""Private AC Cab"", ""travelers"": 2, ""vehicles_count"": 1}}, {""destination_id"": 1, ""destination_name"": ""Munnar"", ""duration_days"": 1, ""hotel_id"": 1, ""hotel_name"": ""Tea Valley Resort"", ""hotel_price"": 3500, ""selected_restaurants"": [{""address"": ""Munnar Main Market"", ""avg_cost"": 250, ""cuisine"": ""Kerala & North Indian"", ""destination_id"": 1, ""id"": 1, ""name"": ""Rapsy Restaurant"", ""rating"": 4.4}, {""address"": null, ""avg_cost"": 570, ""cuisine"": ""Local Cuisine"", ""destination_id"": 1, ""id"": 13, ""name"": ""example"", ""rating"": 4}, {""address"": ""Bazaar Road, Munnar"", ""avg_cost"": 450, ""cuisine"": ""Kerala Traditional, Seafood, South Indian"", ""destination_id"": 1, ""id"": 16, ""name"": ""Spice Fusion"", ""rating"": 4.5}], ""selected_attractions"": [{""description"": ""Protected mountain park famous for Nilgiri Tahr, rolling grasslands, and scenic Western Ghats landscapes."", ""destination_id"": 1, ""entry_fee"": 200, ""id"": 1, ""image_url"": ""https://commons.wikimedia.org/wiki/Special:FilePath/Eravikulam%20National%20Park.jpg"", ""name"": ""Eravikulam National Park"", ""visit_time"": ""3 Hours""}, {""description"": ""Scenic dam surrounded by tea plantations and mountains, offering boating and beautiful lake views."", ""destination_id"": 1, ""entry_fee"": 50, ""id"": 2, ""image_url"": ""https://commons.wikimedia.org/wiki/Special:FilePath/Mattupetty%20Dam%2C%20Munnar%2C%20Kerala%2C%20India.jpg"", ""name"": ""Mattupetty Dam"", ""visit_time"": ""2 Hours""}], ""transport_option"": {""amenities"": [""Door-to-door pickup"", ""AC Sedan / SUV"", ""Luggage assistance"", ""Flexible stops en route""], ""badge"": ""Best Match"", ""category"": ""Private Cab"", ""cost_breakdown"": {""base_fare"": 300, ""data_source"": ""Estimated via Configurable Taxi Tariff Engine"", ""distance_fare"": 1128.6, ""distance_km"": 62.7, ""formula"": ""Base Fare (\u20b9300) + (62.7 km \u00d7 \u20b918.0/km) = \u20b91,428 per cab \u00d7 1 vehicle(s)"", ""per_km_rate"": 18, ""single_vehicle_fare"": 1428.6, ""title"": ""Private Cab Cost Calculation"", ""transit_disclaimer"": ""Fares are calculated based on standard regional taxi tariffs (\u20b918/km). Tolls, parking, and peak charges may vary."", ""travelers"": 2, ""vehicles_needed"": 1}, ""cost_per_km"": 22.79, ""destination"": ""Munnar"", ""distance_km"": 62.7, ""duration_formatted"": ""1h 18m"", ""duration_minutes"": 78, ""fare_per_person"": 714.5, ""icon"": ""Car"", ""id"": 101, ""is_flat_vehicle_rate"": true, ""is_top_match"": true, ""mode"": ""cab"", ""personalized_reason"": ""Direct road journey taking ~1h 18m with maximum luggage convenience."", ""price_label"": ""Estimated fare"", ""score"": 94, ""scoring_details"": {""budget_score"": 0.83, ""comfort_score"": 1, ""convenience_score"": 0.95, ""time_score"": 0.9, ""weights_used"": {""budget"": 0.15, ""comfort"": 0.4, ""convenience"": 0.2, ""time"": 0.25}}, ""source"": ""Vagamon"", ""total_fare"": 1429, ""transport_type"": ""Private AC Cab"", ""travelers"": 2, ""vehicles_count"": 1}}, {""destination_id"": 6, ""destination_name"": ""Thekkady"", ""duration_days"": 1, ""hotel_id"": 10, ""hotel_name"": ""Rainforest Resort"", ""hotel_price"": 11000, ""selected_restaurants"": [{""address"": ""Waterfall Entry Gate Road"", ""avg_cost"": 200, ""cuisine"": ""Traditional Kerala"", ""destination_id"": 6, ""id"": 9, ""name"": ""Waterfalls Cafe"", ""rating"": 4}], ""selected_attractions"": [{""description"": ""Boat safari through the Periyar wildlife sanctuary with opportunities to observe wildlife."", ""destination_id"": 6, ""entry_fee"": 250, ""id"": 23, ""image_url"": ""https://commons.wikimedia.org/wiki/Special:FilePath/Thekkady%20Boating.JPG"", ""name"": ""Periyar Lake Boating"", ""visit_time"": ""2.5 Hours""}, {""description"": ""Adventure activity combining forest trekking and bamboo rafting through the reserve."", ""destination_id"": 6, ""entry_fee"": 1800, ""id"": 24, ""image_url"": ""https://encrypted-tbn0.gstatic.com/images?q=tbn:ANd9GcQWFR2led2Jh_1B9AvZfxFSmLYmTWemcCruQmxUqmSDRQ&s=10"", ""name"": ""Jungle Bamboo Rafting"", ""visit_time"": ""6 Hours""}], ""transport_option"": {""amenities"": [""Door-to-door pickup"", ""AC Sedan / SUV"", ""Luggage assistance"", ""Flexible stops en route""], ""badge"": ""Best Match"", ""category"": ""Private Cab"", ""cost_breakdown"": {""base_fare"": 300, ""data_source"": ""Estimated via Configurable Taxi Tariff Engine"", ""distance_fare"": 1310.4, ""distance_km"": 72.8, ""formula"": ""Base Fare (\u20b9300) + (72.8 km \u00d7 \u20b918.0/km) = \u20b91,610 per cab \u00d7 1 vehicle(s)"", ""per_km_rate"": 18, ""single_vehicle_fare"": 1610.4, ""title"": ""Private Cab Cost Calculation"", ""transit_disclaimer"": ""Fares are calculated based on standard regional taxi tariffs (\u20b918/km). Tolls, parking, and peak charges may vary."", ""travelers"": 2, ""vehicles_needed"": 1}, ""cost_per_km"": 22.12, ""destination"": ""Thekkady"", ""distance_km"": 72.8, ""duration_formatted"": ""1h 31m"", ""duration_minutes"": 91, ""fare_per_person"": 805, ""icon"": ""Car"", ""id"": 101, ""is_flat_vehicle_rate"": true, ""is_top_match"": true, ""mode"": ""cab"", ""personalized_reason"": ""Direct road journey taking ~1h 31m with maximum luggage convenience."", ""price_label"": ""Estimated fare"", ""score"": 93, ""scoring_details"": {""budget_score"": 0.81, ""comfort_score"": 1, ""convenience_score"": 0.95, ""time_score"": 0.89, ""weights_used"": {""budget"": 0.15, ""comfort"": 0.4, ""convenience"": 0.2, ""time"": 0.25}}, ""source"": ""Munnar"", ""total_fare"": 1610, ""transport_type"": ""Private AC Cab"", ""travelers"": 2, ""vehicles_count"": 1}}]","{""origin"": ""Munnar"", ""primary_destination"": ""Vagamon"", ""stops"": [""Vagamon"", ""Munnar"", ""Thekkady""], ""distance_km"": 72.8}",95.0,"{""accommodationCost"": 16200, ""transportCost"": 8213, ""foodCost"": 7340, ""sightseeingCost"": 5400, ""miscCost"": 2229, ""totalEstimatedCost"": 39382, ""perPersonCost"": 19691, ""dailyAverageCost"": 9846, ""isWithinBudget"": false, ""budgetVariance"": -24382, ""budgetUtilizedPct"": 100, ""roomsNeeded"": 1, ""nights"": 4}"
28,7,10,Kallanthode,15000.0,2,5,[],"[{""day"": 1, ""segment_index"": 0, ""destination_id"": 10, ""destination_name"": ""Vagamon"", ""theme"": ""Day 1: Highlights of Vagamon (Day 1 of 4)"", ""morning"": ""Depart from **Kallanthode** and travel to **Vagamon** via **Private AC Cab** (~267 km \u2022 5h 34m). Arrive in **Vagamon**, check in to **Vagamon Central Budget Hotel**, freshen up and unpack before afternoon activities."", ""lunch"": ""Savor signature Kerala delicacies and regional specialities at **Traditional Vagamon Bistro** in Vagamon."", ""afternoon"": ""Head to **Vagamon Pine Forest** - Popular scenic attraction surrounded by tall pine trees and misty hills."", ""evening"": ""Experience the breathtaking sunset views and refreshing mountain breeze in Vagamon."", ""dinner"": ""Conclude Day 1 with a relaxing dinner at **Garden Terrace Restaurant in Vagamon**, followed by an overnight rest at **Vagamon Central Budget Hotel**."", ""hotel_name"": ""Vagamon Central Budget Hotel"", ""slots"": [{""period"": ""Morning"", ""time"": ""08:30 AM - 11:30 AM"", ""type"": ""transit"", ""tag"": ""Departure & Check-in"", ""icon"": ""car"", ""title"": ""Departure from Kallanthode \u2794 Arrival in Vagamon"", ""description"": ""Depart from **Kallanthode** and travel to **Vagamon** via **Private AC Cab** (~267 km \u2022 5h 34m). Arrive in **Vagamon**, check in to **Vagamon Central Budget Hotel**, freshen up and unpack before afternoon activities."", ""specific_name"": ""Vagamon Central Budget Hotel""}, {""period"": ""Lunch"", ""time"": ""12:30 PM - 02:00 PM"", ""type"": ""dining"", ""tag"": ""Regional Dining"", ""icon"": ""utensils"", ""title"": ""Lunch at Traditional Vagamon Bistro"", ""description"": ""Savor signature Kerala delicacies and regional specialities at **Traditional Vagamon Bistro** in Vagamon."", ""specific_name"": ""Traditional Vagamon Bistro""}, {""period"": ""Afternoon"", ""time"": ""02:30 PM - 05:00 PM"", ""type"": ""sightseeing"", ""tag"": ""Afternoon Excursion"", ""icon"": ""sun"", ""title"": ""Excursion to Vagamon Pine Forest"", ""description"": ""Head to **Vagamon Pine Forest** - Popular scenic attraction surrounded by tall pine trees and misty hills."", ""specific_name"": ""Vagamon Pine Forest""}, {""period"": ""Evening"", ""time"": ""05:30 PM - 07:30 PM"", ""type"": ""leisure"", ""tag"": ""Sunset Overlook"", ""icon"": ""sunset"", ""title"": ""Sunset Point & Tea Estate Stroll in Vagamon"", ""description"": ""Experience the breathtaking sunset views and refreshing mountain breeze in Vagamon."", ""specific_name"": ""Vagamon Promenade""}, {""period"": ""Dinner"", ""time"": ""08:00 PM - 10:00 PM"", ""type"": ""dining"", ""tag"": ""Dinner & Stay"", ""icon"": ""moon"", ""title"": ""Dinner at Garden Terrace Restaurant in Vagamon & Rest at Vagamon Central Budget Hotel"", ""description"": ""Conclude Day 1 with a relaxing dinner at **Garden Terrace Restaurant in Vagamon**, followed by an overnight rest at **Vagamon Central Budget Hotel**."", ""specific_name"": ""Vagamon Central Budget Hotel""}, {""period"": ""Custom Activity"", ""time"": ""Flexible Slot"", ""type"": ""custom"", ""tag"": ""Personalized Highlight"", ""icon"": ""sparkles"", ""title"": ""Custom Visit: Vagamon Pine Forest"", ""description"": ""Popular scenic attraction surrounded by tall pine trees and misty hills."", ""specific_name"": ""Vagamon Pine Forest""}, {""period"": ""Custom Activity"", ""time"": ""Flexible Slot"", ""type"": ""custom"", ""tag"": ""Personalized Highlight"", ""icon"": ""sparkles"", ""title"": ""Custom Visit: Vagamon Meadows"", ""description"": ""Green rolling meadows ideal for sightseeing, photography, and relaxation."", ""specific_name"": ""Vagamon Meadows""}]}, {""day"": 2, ""segment_index"": 0, ""destination_id"": 10, ""destination_name"": ""Vagamon"", ""theme"": ""Day 2: Highlights of Vagamon (Day 2 of 4)"", ""morning"": ""Explore **Vagamon Meadows** - Green rolling meadows ideal for sightseeing, photography, and relaxation."", ""lunch"": ""Savor signature Kerala delicacies and regional specialities at **Garden Terrace Restaurant in Vagamon** in Vagamon."", ""afternoon"": ""Head to **Vagamon Pine Forest** - Popular scenic attraction surrounded by tall pine trees and misty hills."", ""evening"": ""Experience the breathtaking sunset views and refreshing mountain breeze in Vagamon."", ""dinner"": ""Conclude Day 2 with a relaxing dinner at **Traditional Vagamon Bistro**, followed by an overnight rest at **Vagamon Central Budget Hotel**."", ""hotel_name"": ""Vagamon Central Budget Hotel"", ""slots"": [{""period"": ""Morning"", ""time"": ""09:00 AM - 12:00 PM"", ""type"": ""sightseeing"", ""tag"": ""Morning Sightseeing"", ""icon"": ""sunrise"", ""title"": ""Visit Vagamon Meadows"", ""description"": ""Explore **Vagamon Meadows** - Green rolling meadows ideal for sightseeing, photography, and relaxation."", ""specific_name"": ""Vagamon Meadows""}, {""period"": ""Lunch"", ""time"": ""12:30 PM - 02:00 PM"", ""type"": ""dining"", ""tag"": ""Regional Dining"", ""icon"": ""utensils"", ""title"": ""Lunch at Garden Terrace Restaurant in Vagamon"", ""description"": ""Savor signature Kerala delicacies and regional specialities at **Garden Terrace Restaurant in Vagamon** in Vagamon."", ""specific_name"": ""Garden Terrace Restaurant in Vagamon""}, {""period"": ""Afternoon"", ""time"": ""02:30 PM - 05:00 PM"", ""type"": ""sightseeing"", ""tag"": ""Afternoon Excursion"", ""icon"": ""sun"", ""title"": ""Excursion to Vagamon Pine Forest"", ""description"": ""Head to **Vagamon Pine Forest** - Popular scenic attraction surrounded by tall pine trees and misty hills."", ""specific_name"": ""Vagamon Pine Forest""}, {""period"": ""Evening"", ""time"": ""05:30 PM - 07:30 PM"", ""type"": ""leisure"", ""tag"": ""Sunset Overlook"", ""icon"": ""sunset"", ""title"": ""Sunset Point & Tea Estate Stroll in Vagamon"", ""description"": ""Experience the breathtaking sunset views and refreshing mountain breeze in Vagamon."", ""specific_name"": ""Vagamon Promenade""}, {""period"": ""Dinner"", ""time"": ""08:00 PM - 10:00 PM"", ""type"": ""dining"", ""tag"": ""Dinner & Stay"", ""icon"": ""moon"", ""title"": ""Dinner at Traditional Vagamon Bistro & Rest at Vagamon Central Budget Hotel"", ""description"": ""Conclude Day 2 with a relaxing dinner at **Traditional Vagamon Bistro**, followed by an overnight rest at **Vagamon Central Budget Hotel**."", ""specific_name"": ""Vagamon Central Budget Hotel""}, {""period"": ""Custom Activity"", ""time"": ""Flexible Slot"", ""type"": ""custom"", ""tag"": ""Personalized Highlight"", ""icon"": ""sparkles"", ""title"": ""Custom Visit: Vagamon Pine Forest"", ""description"": ""Popular scenic attraction surrounded by tall pine trees and misty hills."", ""specific_name"": ""Vagamon Pine Forest""}, {""period"": ""Custom Activity"", ""time"": ""Flexible Slot"", ""type"": ""custom"", ""tag"": ""Personalized Highlight"", ""icon"": ""sparkles"", ""title"": ""Custom Visit: Vagamon Meadows"", ""description"": ""Green rolling meadows ideal for sightseeing, photography, and relaxation."", ""specific_name"": ""Vagamon Meadows""}]}, {""day"": 3, ""segment_index"": 0, ""destination_id"": 10, ""destination_name"": ""Vagamon"", ""theme"": ""Day 3: Highlights of Vagamon (Day 3 of 4)"", ""morning"": ""Explore **Vagamon Meadows** - Green rolling meadows ideal for sightseeing, photography, and relaxation."", ""lunch"": ""Savor signature Kerala delicacies and regional specialities at **Traditional Vagamon Bistro** in Vagamon."", ""afternoon"": ""Head to **Vagamon Pine Forest** - Popular scenic attraction surrounded by tall pine trees and misty hills."", ""evening"": ""Experience the breathtaking sunset views and refreshing mountain breeze in Vagamon."", ""dinner"": ""Conclude Day 3 with a relaxing dinner at **Garden Terrace Restaurant in Vagamon**, followed by an overnight rest at **Vagamon Central Budget Hotel**."", ""hotel_name"": ""Vagamon Central Budget Hotel"", ""slots"": [{""period"": ""Morning"", ""time"": ""09:00 AM - 12:00 PM"", ""type"": ""sightseeing"", ""tag"": ""Morning Sightseeing"", ""icon"": ""sunrise"", ""title"": ""Visit Vagamon Meadows"", ""description"": ""Explore **Vagamon Meadows** - Green rolling meadows ideal for sightseeing, photography, and relaxation."", ""specific_name"": ""Vagamon Meadows""}, {""period"": ""Lunch"", ""time"": ""12:30 PM - 02:00 PM"", ""type"": ""dining"", ""tag"": ""Regional Dining"", ""icon"": ""utensils"", ""title"": ""Lunch at Traditional Vagamon Bistro"", ""description"": ""Savor signature Kerala delicacies and regional specialities at **Traditional Vagamon Bistro** in Vagamon."", ""specific_name"": ""Traditional Vagamon Bistro""}, {""period"": ""Afternoon"", ""time"": ""02:30 PM - 05:00 PM"", ""type"": ""sightseeing"", ""tag"": ""Afternoon Excursion"", ""icon"": ""sun"", ""title"": ""Excursion to Vagamon Pine Forest"", ""description"": ""Head to **Vagamon Pine Forest** - Popular scenic attraction surrounded by tall pine trees and misty hills."", ""specific_name"": ""Vagamon Pine Forest""}, {""period"": ""Evening"", ""time"": ""05:30 PM - 07:30 PM"", ""type"": ""leisure"", ""tag"": ""Sunset Overlook"", ""icon"": ""sunset"", ""title"": ""Sunset Point & Tea Estate Stroll in Vagamon"", ""description"": ""Experience the breathtaking sunset views and refreshing mountain breeze in Vagamon."", ""specific_name"": ""Vagamon Promenade""}, {""period"": ""Dinner"", ""time"": ""08:00 PM - 10:00 PM"", ""type"": ""dining"", ""tag"": ""Dinner & Stay"", ""icon"": ""moon"", ""title"": ""Dinner at Garden Terrace Restaurant in Vagamon & Rest at Vagamon Central Budget Hotel"", ""description"": ""Conclude Day 3 with a relaxing dinner at **Garden Terrace Restaurant in Vagamon**, followed by an overnight rest at **Vagamon Central Budget Hotel**."", ""specific_name"": ""Vagamon Central Budget Hotel""}, {""period"": ""Custom Activity"", ""time"": ""Flexible Slot"", ""type"": ""custom"", ""tag"": ""Personalized Highlight"", ""icon"": ""sparkles"", ""title"": ""Custom Visit: Vagamon Pine Forest"", ""description"": ""Popular scenic attraction surrounded by tall pine trees and misty hills."", ""specific_name"": ""Vagamon Pine Forest""}, {""period"": ""Custom Activity"", ""time"": ""Flexible Slot"", ""type"": ""custom"", ""tag"": ""Personalized Highlight"", ""icon"": ""sparkles"", ""title"": ""Custom Visit: Vagamon Meadows"", ""description"": ""Green rolling meadows ideal for sightseeing, photography, and relaxation."", ""specific_name"": ""Vagamon Meadows""}]}, {""day"": 4, ""segment_index"": 0, ""destination_id"": 10, ""destination_name"": ""Vagamon"", ""theme"": ""Day 4: Highlights of Vagamon (Day 4 of 4)"", ""morning"": ""Explore **Vagamon Meadows** - Green rolling meadows ideal for sightseeing, photography, and relaxation."", ""lunch"": ""Savor signature Kerala delicacies and regional specialities at **Garden Terrace Restaurant in Vagamon** in Vagamon."", ""afternoon"": ""Head to **Vagamon Pine Forest** - Popular scenic attraction surrounded by tall pine trees and misty hills."", ""evening"": ""Experience the breathtaking sunset views and refreshing mountain breeze in Vagamon."", ""dinner"": ""Conclude Day 4 with a relaxing dinner at **Traditional Vagamon Bistro**, followed by an overnight rest at **Vagamon Central Budget Hotel**."", ""hotel_name"": ""Vagamon Central Budget Hotel"", ""slots"": [{""period"": ""Morning"", ""time"": ""09:00 AM - 12:00 PM"", ""type"": ""sightseeing"", ""tag"": ""Morning Sightseeing"", ""icon"": ""sunrise"", ""title"": ""Visit Vagamon Meadows"", ""description"": ""Explore **Vagamon Meadows** - Green rolling meadows ideal for sightseeing, photography, and relaxation."", ""specific_name"": ""Vagamon Meadows""}, {""period"": ""Lunch"", ""time"": ""12:30 PM - 02:00 PM"", ""type"": ""dining"", ""tag"": ""Regional Dining"", ""icon"": ""utensils"", ""title"": ""Lunch at Garden Terrace Restaurant in Vagamon"", ""description"": ""Savor signature Kerala delicacies and regional specialities at **Garden Terrace Restaurant in Vagamon** in Vagamon."", ""specific_name"": ""Garden Terrace Restaurant in Vagamon""}, {""period"": ""Afternoon"", ""time"": ""02:30 PM - 05:00 PM"", ""type"": ""sightseeing"", ""tag"": ""Afternoon Excursion"", ""icon"": ""sun"", ""title"": ""Excursion to Vagamon Pine Forest"", ""description"": ""Head to **Vagamon Pine Forest** - Popular scenic attraction surrounded by tall pine trees and misty hills."", ""specific_name"": ""Vagamon Pine Forest""}, {""period"": ""Evening"", ""time"": ""05:30 PM - 07:30 PM"", ""type"": ""leisure"", ""tag"": ""Sunset Overlook"", ""icon"": ""sunset"", ""title"": ""Sunset Point & Tea Estate Stroll in Vagamon"", ""description"": ""Experience the breathtaking sunset views and refreshing mountain breeze in Vagamon."", ""specific_name"": ""Vagamon Promenade""}, {""period"": ""Dinner"", ""time"": ""08:00 PM - 10:00 PM"", ""type"": ""dining"", ""tag"": ""Dinner & Stay"", ""icon"": ""moon"", ""title"": ""Dinner at Traditional Vagamon Bistro & Rest at Vagamon Central Budget Hotel"", ""description"": ""Conclude Day 4 with a relaxing dinner at **Traditional Vagamon Bistro**, followed by an overnight rest at **Vagamon Central Budget Hotel**."", ""specific_name"": ""Vagamon Central Budget Hotel""}, {""period"": ""Custom Activity"", ""time"": ""Flexible Slot"", ""type"": ""custom"", ""tag"": ""Personalized Highlight"", ""icon"": ""sparkles"", ""title"": ""Custom Visit: Vagamon Pine Forest"", ""description"": ""Popular scenic attraction surrounded by tall pine trees and misty hills."", ""specific_name"": ""Vagamon Pine Forest""}, {""period"": ""Custom Activity"", ""time"": ""Flexible Slot"", ""type"": ""custom"", ""tag"": ""Personalized Highlight"", ""icon"": ""sparkles"", ""title"": ""Custom Visit: Vagamon Meadows"", ""description"": ""Green rolling meadows ideal for sightseeing, photography, and relaxation."", ""specific_name"": ""Vagamon Meadows""}]}, {""day"": 5, ""segment_index"": 1, ""destination_id"": 1, ""destination_name"": ""Munnar"", ""theme"": ""Day 5: Highlights of Munnar (Day 1 of 1)"", ""morning"": ""Check out from **Vagamon Central Budget Hotel** in Vagamon. Board your **Private AC Cab** for a scenic mountain road transfer to **Munnar** (~62.7 km \u2022 1h 18m). Arrive at **Tea Valley Resort**, complete check-in, and freshen up."", ""lunch"": ""Savor signature Kerala delicacies and regional specialities at **Rapsy Restaurant** in Munnar."", ""afternoon"": ""Head to **Eravikulam National Park** (Entry: \u20b9200) - Protected mountain park famous for Nilgiri Tahr, rolling grasslands, and scenic Western Ghats landscapes."", ""evening"": ""Stroll through Munnar town bazaars for organic spices, handcrafted souvenirs, and tea estates before wrapping up."", ""dinner"": ""Conclude Day 5 with a relaxing dinner at **example**, followed by an overnight rest at **Tea Valley Resort**."", ""hotel_name"": ""Tea Valley Resort"", ""slots"": [{""period"": ""Morning"", ""time"": ""09:00 AM - 12:00 PM"", ""type"": ""transit"", ""tag"": ""Inter-City Transfer"", ""icon"": ""car"", ""title"": ""Transfer from Vagamon to Munnar via Private AC Cab"", ""description"": ""Check out from **Vagamon Central Budget Hotel** in Vagamon. Board your **Private AC Cab** for a scenic mountain road transfer to **Munnar** (~62.7 km \u2022 1h 18m). Arrive at **Tea Valley Resort**, complete check-in, and freshen up."", ""specific_name"": ""Tea Valley Resort""}, {""period"": ""Lunch"", ""time"": ""12:30 PM - 02:00 PM"", ""type"": ""dining"", ""tag"": ""Regional Dining"", ""icon"": ""utensils"", ""title"": ""Lunch at Rapsy Restaurant"", ""description"": ""Savor signature Kerala delicacies and regional specialities at **Rapsy Restaurant** in Munnar."", ""specific_name"": ""Rapsy Restaurant""}, {""period"": ""Afternoon"", ""time"": ""02:30 PM - 05:00 PM"", ""type"": ""sightseeing"", ""tag"": ""Afternoon Excursion"", ""icon"": ""sun"", ""title"": ""Excursion to Eravikulam National Park"", ""description"": ""Head to **Eravikulam National Park** (Entry: \u20b9200) - Protected mountain park famous for Nilgiri Tahr, rolling grasslands, and scenic Western Ghats landscapes."", ""specific_name"": ""Eravikulam National Park""}, {""period"": ""Evening"", ""time"": ""05:30 PM - 07:30 PM"", ""type"": ""leisure"", ""tag"": ""Souvenir Shopping"", ""icon"": ""sunset"", ""title"": ""Souvenir Shopping & Golden Hour in Munnar"", ""description"": ""Stroll through Munnar town bazaars for organic spices, handcrafted souvenirs, and tea estates before wrapping up."", ""specific_name"": ""Munnar Promenade""}, {""period"": ""Dinner"", ""time"": ""08:00 PM - 10:00 PM"", ""type"": ""dining"", ""tag"": ""Dinner & Stay"", ""icon"": ""moon"", ""title"": ""Dinner at example & Rest at Tea Valley Resort"", ""description"": ""Conclude Day 5 with a relaxing dinner at **example**, followed by an overnight rest at **Tea Valley Resort**."", ""specific_name"": ""Tea Valley Resort""}]}]",26368.0,2026-10-03 11:12:52,2026-10-03,planned,trip22,balanced,moderate,"[{""destination_id"": 10, ""destination_name"": ""Vagamon"", ""duration_days"": 4, ""hotel_id"": 37, ""hotel_name"": ""Vagamon Central Budget Hotel"", ""hotel_price"": 850, ""selected_restaurants"": [], ""selected_attractions"": [{""description"": ""Popular scenic attraction surrounded by tall pine trees and misty hills."", ""destination_id"": 10, ""entry_fee"": 0, ""id"": 39, ""image_url"": ""https://commons.wikimedia.org/wiki/Special:FilePath/Vagamon%20Pine%20Forest.jpg"", ""name"": ""Vagamon Pine Forest"", ""visit_time"": ""2 Hours""}, {""description"": ""Green rolling meadows ideal for sightseeing, photography, and relaxation."", ""destination_id"": 10, ""entry_fee"": 0, ""id"": 40, ""image_url"": ""https://encrypted-tbn0.gstatic.com/images?q=tbn:ANd9GcQ8t3BEvLR9VqkuuxEpurH-K7W6SYoD_mbLgD3Cebfaqw&s=10"", ""name"": ""Vagamon Meadows"", ""visit_time"": ""2 Hours""}], ""transport_option"": {""amenities"": [""Door-to-door pickup"", ""AC Sedan / SUV"", ""Luggage assistance"", ""Flexible stops en route""], ""badge"": ""Best Match"", ""category"": ""Private Cab"", ""cost_breakdown"": {""base_fare"": 300, ""data_source"": ""Estimated via Configurable Taxi Tariff Engine"", ""distance_fare"": 4806, ""distance_km"": 267, ""formula"": ""Base Fare (\u20b9300) + (267.0 km \u00d7 \u20b918.0/km) = \u20b95,106 per cab \u00d7 1 vehicle(s)"", ""per_km_rate"": 18, ""single_vehicle_fare"": 5106, ""title"": ""Private Cab Cost Calculation"", ""transit_disclaimer"": ""Fares are calculated based on standard regional taxi tariffs (\u20b918/km). Tolls, parking, and peak charges may vary."", ""travelers"": 2, ""vehicles_needed"": 1}, ""cost_per_km"": 19.12, ""destination"": ""Vagamon"", ""distance_km"": 267, ""duration_formatted"": ""5h 34m"", ""duration_minutes"": 334, ""fare_per_person"": 2553, ""icon"": ""Car"", ""id"": 101, ""is_flat_vehicle_rate"": true, ""is_top_match"": true, ""mode"": ""cab"", ""personalized_reason"": ""Direct road journey taking ~5h 34m with maximum luggage convenience."", ""price_label"": ""Estimated fare"", ""score"": 87, ""scoring_details"": {""budget_score"": 0.44, ""comfort_score"": 1, ""convenience_score"": 0.95, ""time_score"": 0.85, ""weights_used"": {""budget"": 0.15, ""comfort"": 0.4, ""convenience"": 0.2, ""time"": 0.25}}, ""source"": ""Kallanthode"", ""total_fare"": 5106, ""transport_type"": ""Private AC Cab"", ""travelers"": 2, ""vehicles_count"": 1}}, {""destination_id"": 1, ""destination_name"": ""Munnar"", ""duration_days"": 1, ""hotel_id"": 1, ""hotel_name"": ""Tea Valley Resort"", ""hotel_price"": 3500, ""selected_restaurants"": [{""address"": ""Munnar Main Market"", ""avg_cost"": 250, ""cuisine"": ""Kerala & North Indian"", ""destination_id"": 1, ""id"": 1, ""name"": ""Rapsy Restaurant"", ""rating"": 4.4}, {""address"": null, ""avg_cost"": 570, ""cuisine"": ""Local Cuisine"", ""destination_id"": 1, ""id"": 13, ""name"": ""example"", ""rating"": 4}, {""address"": ""Bazaar Road, Munnar"", ""avg_cost"": 450, ""cuisine"": ""Kerala Traditional, Seafood, South Indian"", ""destination_id"": 1, ""id"": 16, ""name"": ""Spice Fusion"", ""rating"": 4.5}], ""selected_attractions"": [{""description"": ""Protected mountain park famous for Nilgiri Tahr, rolling grasslands, and scenic Western Ghats landscapes."", ""destination_id"": 1, ""entry_fee"": 200, ""id"": 1, ""image_url"": ""https://commons.wikimedia.org/wiki/Special:FilePath/Eravikulam%20National%20Park.jpg"", ""name"": ""Eravikulam National Park"", ""visit_time"": ""3 Hours""}, {""description"": ""Scenic dam surrounded by tea plantations and mountains, offering boating and beautiful lake views."", ""destination_id"": 1, ""entry_fee"": 50, ""id"": 2, ""image_url"": ""https://commons.wikimedia.org/wiki/Special:FilePath/Mattupetty%20Dam%2C%20Munnar%2C%20Kerala%2C%20India.jpg"", ""name"": ""Mattupetty Dam"", ""visit_time"": ""2 Hours""}], ""transport_option"": {""amenities"": [""Door-to-door pickup"", ""AC Sedan / SUV"", ""Luggage assistance"", ""Flexible stops en route""], ""badge"": ""Best Match"", ""category"": ""Private Cab"", ""cost_breakdown"": {""base_fare"": 300, ""data_source"": ""Estimated via Configurable Taxi Tariff Engine"", ""distance_fare"": 1128.6, ""distance_km"": 62.7, ""formula"": ""Base Fare (\u20b9300) + (62.7 km \u00d7 \u20b918.0/km) = \u20b91,428 per cab \u00d7 1 vehicle(s)"", ""per_km_rate"": 18, ""single_vehicle_fare"": 1428.6, ""title"": ""Private Cab Cost Calculation"", ""transit_disclaimer"": ""Fares are calculated based on standard regional taxi tariffs (\u20b918/km). Tolls, parking, and peak charges may vary."", ""travelers"": 2, ""vehicles_needed"": 1}, ""cost_per_km"": 22.79, ""destination"": ""Munnar"", ""distance_km"": 62.7, ""duration_formatted"": ""1h 18m"", ""duration_minutes"": 78, ""fare_per_person"": 714.5, ""icon"": ""Car"", ""id"": 101, ""is_flat_vehicle_rate"": true, ""is_top_match"": true, ""mode"": ""cab"", ""personalized_reason"": ""Direct road journey taking ~1h 18m with maximum luggage convenience."", ""price_label"": ""Estimated fare"", ""score"": 94, ""scoring_details"": {""budget_score"": 0.83, ""comfort_score"": 1, ""convenience_score"": 0.95, ""time_score"": 0.9, ""weights_used"": {""budget"": 0.15, ""comfort"": 0.4, ""convenience"": 0.2, ""time"": 0.25}}, ""source"": ""Vagamon"", ""total_fare"": 1429, ""transport_type"": ""Private AC Cab"", ""travelers"": 2, ""vehicles_count"": 1}}]","{""origin"": ""Kallanthode"", ""primary_destination"": ""Vagamon"", ""stops"": [""Vagamon"", ""Munnar""], ""distance_km"": 267}",95.0,"{""accommodationCost"": 6900, ""transportCost"": 6535, ""foodCost"": 9740, ""sightseeingCost"": 1700, ""miscCost"": 1493, ""totalEstimatedCost"": 26368, ""perPersonCost"": 13184, ""dailyAverageCost"": 5274, ""isWithinBudget"": false, ""budgetVariance"": -11368, ""budgetUtilizedPct"": 100, ""roomsNeeded"": 1, ""nights"": 5}"
29,7,10,Thekkady,15000.0,2,4,[],"[{""day"": 1, ""segment_index"": 0, ""destination_id"": 10, ""destination_name"": ""Vagamon"", ""theme"": ""Day 1: Highlights of Vagamon (Day 1 of 2)"", ""morning"": ""Depart from **Kochi** and travel to **Vagamon** via **Private AC Cab** (~98.9 km \u2022 2h 04m). Arrive in **Vagamon**, check in to **Vagamon Central Budget Hotel**, freshen up and unpack before afternoon activities."", ""lunch"": ""Savor signature Kerala delicacies and regional specialities at **Traditional Vagamon Bistro** in Vagamon."", ""afternoon"": ""Head to **Vagamon Pine Forest** - Popular scenic attraction surrounded by tall pine trees and misty hills."", ""evening"": ""Experience the breathtaking sunset views and refreshing mountain breeze in Vagamon."", ""dinner"": ""Conclude Day 1 with a relaxing dinner at **Garden Terrace Restaurant in Vagamon**, followed by an overnight rest at **Vagamon Central Budget Hotel**."", ""hotel_name"": ""Vagamon Central Budget Hotel"", ""slots"": [{""period"": ""Morning"", ""time"": ""08:30 AM - 11:30 AM"", ""type"": ""transit"", ""tag"": ""Departure & Check-in"", ""icon"": ""car"", ""title"": ""Departure from Kochi \u2794 Arrival in Vagamon"", ""description"": ""Depart from **Kochi** and travel to **Vagamon** via **Private AC Cab** (~98.9 km \u2022 2h 04m). Arrive in **Vagamon**, check in to **Vagamon Central Budget Hotel**, freshen up and unpack before afternoon activities."", ""specific_name"": ""Vagamon Central Budget Hotel""}, {""period"": ""Lunch"", ""time"": ""12:30 PM - 02:00 PM"", ""type"": ""dining"", ""tag"": ""Regional Dining"", ""icon"": ""utensils"", ""title"": ""Lunch at Traditional Vagamon Bistro"", ""description"": ""Savor signature Kerala delicacies and regional specialities at **Traditional Vagamon Bistro** in Vagamon."", ""specific_name"": ""Traditional Vagamon Bistro""}, {""period"": ""Afternoon"", ""time"": ""02:30 PM - 05:00 PM"", ""type"": ""sightseeing"", ""tag"": ""Afternoon Excursion"", ""icon"": ""sun"", ""title"": ""Excursion to Vagamon Pine Forest"", ""description"": ""Head to **Vagamon Pine Forest** - Popular scenic attraction surrounded by tall pine trees and misty hills."", ""specific_name"": ""Vagamon Pine Forest""}, {""period"": ""Evening"", ""time"": ""05:30 PM - 07:30 PM"", ""type"": ""leisure"", ""tag"": ""Sunset Overlook"", ""icon"": ""sunset"", ""title"": ""Sunset Point & Tea Estate Stroll in Vagamon"", ""description"": ""Experience the breathtaking sunset views and refreshing mountain breeze in Vagamon."", ""specific_name"": ""Vagamon Promenade""}, {""period"": ""Dinner"", ""time"": ""08:00 PM - 10:00 PM"", ""type"": ""dining"", ""tag"": ""Dinner & Stay"", ""icon"": ""moon"", ""title"": ""Dinner at Garden Terrace Restaurant in Vagamon & Rest at Vagamon Central Budget Hotel"", ""description"": ""Conclude Day 1 with a relaxing dinner at **Garden Terrace Restaurant in Vagamon**, followed by an overnight rest at **Vagamon Central Budget Hotel**."", ""specific_name"": ""Vagamon Central Budget Hotel""}]}, {""day"": 2, ""segment_index"": 0, ""destination_id"": 10, ""destination_name"": ""Vagamon"", ""theme"": ""Day 2: Highlights of Vagamon (Day 2 of 2)"", ""morning"": ""Explore **Vagamon Meadows** - Green rolling meadows ideal for sightseeing, photography, and relaxation."", ""lunch"": ""Savor signature Kerala delicacies and regional specialities at **Garden Terrace Restaurant in Vagamon** in Vagamon."", ""afternoon"": ""Head to **Vagamon Lake** (Entry: \u20b9100) - Peaceful lake surrounded by hills and greenery, suitable for boating and recreation."", ""evening"": ""Experience the breathtaking sunset views and refreshing mountain breeze in Vagamon."", ""dinner"": ""Conclude Day 2 with a relaxing dinner at **Traditional Vagamon Bistro**, followed by an overnight rest at **Vagamon Central Budget Hotel**."", ""hotel_name"": ""Vagamon Central Budget Hotel"", ""slots"": [{""period"": ""Morning"", ""time"": ""09:00 AM - 12:00 PM"", ""type"": ""sightseeing"", ""tag"": ""Morning Sightseeing"", ""icon"": ""sunrise"", ""title"": ""Visit Vagamon Meadows"", ""description"": ""Explore **Vagamon Meadows** - Green rolling meadows ideal for sightseeing, photography, and relaxation."", ""specific_name"": ""Vagamon Meadows""}, {""period"": ""Lunch"", ""time"": ""12:30 PM - 02:00 PM"", ""type"": ""dining"", ""tag"": ""Regional Dining"", ""icon"": ""utensils"", ""title"": ""Lunch at Garden Terrace Restaurant in Vagamon"", ""description"": ""Savor signature Kerala delicacies and regional specialities at **Garden Terrace Restaurant in Vagamon** in Vagamon."", ""specific_name"": ""Garden Terrace Restaurant in Vagamon""}, {""period"": ""Afternoon"", ""time"": ""02:30 PM - 05:00 PM"", ""type"": ""sightseeing"", ""tag"": ""Afternoon Excursion"", ""icon"": ""sun"", ""title"": ""Excursion to Vagamon Lake"", ""description"": ""Head to **Vagamon Lake** (Entry: \u20b9100) - Peaceful lake surrounded by hills and greenery, suitable for boating and recreation."", ""specific_name"": ""Vagamon Lake""}, {""period"": ""Evening"", ""time"": ""05:30 PM - 07:30 PM"", ""type"": ""leisure"", ""tag"": ""Sunset Overlook"", ""icon"": ""sunset"", ""title"": ""Sunset Point & Tea Estate Stroll in Vagamon"", ""description"": ""Experience the breathtaking sunset views and refreshing mountain breeze in Vagamon."", ""specific_name"": ""Vagamon Promenade""}, {""period"": ""Dinner"", ""time"": ""08:00 PM - 10:00 PM"", ""type"": ""dining"", ""tag"": ""Dinner & Stay"", ""icon"": ""moon"", ""title"": ""Dinner at Traditional Vagamon Bistro & Rest at Vagamon Central Budget Hotel"", ""description"": ""Conclude Day 2 with a relaxing dinner at **Traditional Vagamon Bistro**, followed by an overnight rest at **Vagamon Central Budget Hotel**."", ""specific_name"": ""Vagamon Central Budget Hotel""}]}, {""day"": 3, ""segment_index"": 1, ""destination_id"": 6, ""destination_name"": ""Thekkady"", ""theme"": ""Day 3: Highlights of Thekkady (Day 1 of 1)"", ""morning"": ""Check out from **Vagamon Central Budget Hotel** in Vagamon. Board your **Private AC Cab** for a scenic mountain road transfer to **Thekkady** (~72.8 km \u2022 1h 31m). Arrive at **Rainforest Resort**, complete check-in, and freshen up."", ""lunch"": ""Savor signature Kerala delicacies and regional specialities at **Waterfalls Cafe** in Thekkady."", ""afternoon"": ""Head to **Periyar Lake Boating** (Entry: \u20b9250) - Boat safari through the Periyar wildlife sanctuary with opportunities to observe wildlife."", ""evening"": ""Experience the breathtaking sunset views and refreshing mountain breeze in Thekkady."", ""dinner"": ""Conclude Day 3 with a relaxing dinner at **Waterfalls Cafe**, followed by an overnight rest at **Rainforest Resort**."", ""hotel_name"": ""Rainforest Resort"", ""slots"": [{""period"": ""Morning"", ""time"": ""09:00 AM - 12:00 PM"", ""type"": ""transit"", ""tag"": ""Inter-City Transfer"", ""icon"": ""car"", ""title"": ""Transfer from Vagamon to Thekkady via Private AC Cab"", ""description"": ""Check out from **Vagamon Central Budget Hotel** in Vagamon. Board your **Private AC Cab** for a scenic mountain road transfer to **Thekkady** (~72.8 km \u2022 1h 31m). Arrive at **Rainforest Resort**, complete check-in, and freshen up."", ""specific_name"": ""Rainforest Resort""}, {""period"": ""Lunch"", ""time"": ""12:30 PM - 02:00 PM"", ""type"": ""dining"", ""tag"": ""Regional Dining"", ""icon"": ""utensils"", ""title"": ""Lunch at Waterfalls Cafe"", ""description"": ""Savor signature Kerala delicacies and regional specialities at **Waterfalls Cafe** in Thekkady."", ""specific_name"": ""Waterfalls Cafe""}, {""period"": ""Afternoon"", ""time"": ""02:30 PM - 05:00 PM"", ""type"": ""sightseeing"", ""tag"": ""Afternoon Excursion"", ""icon"": ""sun"", ""title"": ""Excursion to Periyar Lake Boating"", ""description"": ""Head to **Periyar Lake Boating** (Entry: \u20b9250) - Boat safari through the Periyar wildlife sanctuary with opportunities to observe wildlife."", ""specific_name"": ""Periyar Lake Boating""}, {""period"": ""Evening"", ""time"": ""05:30 PM - 07:30 PM"", ""type"": ""leisure"", ""tag"": ""Sunset Overlook"", ""icon"": ""sunset"", ""title"": ""Sunset Point & Tea Estate Stroll in Thekkady"", ""description"": ""Experience the breathtaking sunset views and refreshing mountain breeze in Thekkady."", ""specific_name"": ""Thekkady Promenade""}, {""period"": ""Dinner"", ""time"": ""08:00 PM - 10:00 PM"", ""type"": ""dining"", ""tag"": ""Dinner & Stay"", ""icon"": ""moon"", ""title"": ""Dinner at Waterfalls Cafe & Rest at Rainforest Resort"", ""description"": ""Conclude Day 3 with a relaxing dinner at **Waterfalls Cafe**, followed by an overnight rest at **Rainforest Resort**."", ""specific_name"": ""Rainforest Resort""}]}, {""day"": 4, ""segment_index"": 2, ""destination_id"": 19, ""destination_name"": ""Idukki"", ""theme"": ""Day 4: Highlights of Idukki (Day 1 of 1)"", ""morning"": ""Check out from **Rainforest Resort** in Thekkady. Board your **Private AC Cab** for a scenic mountain road transfer to **Idukki** (~45.4 km \u2022 57 mins). Arrive at **Idukki Central Budget Hotel**, complete check-in, and freshen up."", ""lunch"": ""Savor signature Kerala delicacies and regional specialities at **Traditional Idukki Bistro** in Idukki."", ""afternoon"": ""Head to **Idukki Dam** (Entry: \u20b925) - Famous arch dam surrounded by mountains and reservoirs in the Western Ghats."", ""evening"": ""Stroll through Idukki town bazaars for organic spices, handcrafted souvenirs, and tea estates before wrapping up."", ""dinner"": ""Conclude Day 4 with a relaxing dinner at **Garden Terrace Restaurant in Idukki**, followed by an overnight rest at **Idukki Central Budget Hotel**."", ""hotel_name"": ""Idukki Central Budget Hotel"", ""slots"": [{""period"": ""Morning"", ""time"": ""09:00 AM - 12:00 PM"", ""type"": ""transit"", ""tag"": ""Inter-City Transfer"", ""icon"": ""car"", ""title"": ""Transfer from Thekkady to Idukki via Private AC Cab"", ""description"": ""Check out from **Rainforest Resort** in Thekkady. Board your **Private AC Cab** for a scenic mountain road transfer to **Idukki** (~45.4 km \u2022 57 mins). Arrive at **Idukki Central Budget Hotel**, complete check-in, and freshen up."", ""specific_name"": ""Idukki Central Budget Hotel""}, {""period"": ""Lunch"", ""time"": ""12:30 PM - 02:00 PM"", ""type"": ""dining"", ""tag"": ""Regional Dining"", ""icon"": ""utensils"", ""title"": ""Lunch at Traditional Idukki Bistro"", ""description"": ""Savor signature Kerala delicacies and regional specialities at **Traditional Idukki Bistro** in Idukki."", ""specific_name"": ""Traditional Idukki Bistro""}, {""period"": ""Afternoon"", ""time"": ""02:30 PM - 05:00 PM"", ""type"": ""sightseeing"", ""tag"": ""Afternoon Excursion"", ""icon"": ""sun"", ""title"": ""Excursion to Idukki Dam"", ""description"": ""Head to **Idukki Dam** (Entry: \u20b925) - Famous arch dam surrounded by mountains and reservoirs in the Western Ghats."", ""specific_name"": ""Idukki Dam""}, {""period"": ""Evening"", ""time"": ""05:30 PM - 07:30 PM"", ""type"": ""leisure"", ""tag"": ""Souvenir Shopping"", ""icon"": ""sunset"", ""title"": ""Souvenir Shopping & Golden Hour in Idukki"", ""description"": ""Stroll through Idukki town bazaars for organic spices, handcrafted souvenirs, and tea estates before wrapping up."", ""specific_name"": ""Idukki Promenade""}, {""period"": ""Dinner"", ""time"": ""08:00 PM - 10:00 PM"", ""type"": ""dining"", ""tag"": ""Dinner & Stay"", ""icon"": ""moon"", ""title"": ""Dinner at Garden Terrace Restaurant in Idukki & Rest at Idukki Central Budget Hotel"", ""description"": ""Conclude Day 4 with a relaxing dinner at **Garden Terrace Restaurant in Idukki**, followed by an overnight rest at **Idukki Central Budget Hotel**."", ""specific_name"": ""Idukki Central Budget Hotel""}]}]",31754.0,2026-10-03 12:20:15,2026-10-03,planned,Vagamon & Thekkady & Idukki Multi-Destination Journey,balanced,moderate,"[{""destination_id"": 10, ""destination_name"": ""Vagamon"", ""duration_days"": 2, ""hotel_id"": 37, ""hotel_name"": ""Vagamon Central Budget Hotel"", ""hotel_price"": 850, ""selected_restaurants"": [], ""selected_attractions"": [{""description"": ""Popular scenic attraction surrounded by tall pine trees and misty hills."", ""destination_id"": 10, ""entry_fee"": 0, ""id"": 39, ""image_url"": ""https://commons.wikimedia.org/wiki/Special:FilePath/Vagamon%20Pine%20Forest.jpg"", ""name"": ""Vagamon Pine Forest"", ""visit_time"": ""2 Hours""}, {""description"": ""Green rolling meadows ideal for sightseeing, photography, and relaxation."", ""destination_id"": 10, ""entry_fee"": 0, ""id"": 40, ""image_url"": ""https://encrypted-tbn0.gstatic.com/images?q=tbn:ANd9GcQ8t3BEvLR9VqkuuxEpurH-K7W6SYoD_mbLgD3Cebfaqw&s=10"", ""name"": ""Vagamon Meadows"", ""visit_time"": ""2 Hours""}, {""description"": ""Peaceful lake surrounded by hills and greenery, suitable for boating and recreation."", ""destination_id"": 10, ""entry_fee"": 100, ""id"": 41, ""image_url"": ""https://encrypted-tbn0.gstatic.com/images?q=tbn:ANd9GcRl0bGUB9UxlwMbqQ8CGKG6X6pTpEjWKQ6b6nFIpfnU_g&s=10"", ""name"": ""Vagamon Lake"", ""visit_time"": ""2 Hours""}, {""description"": ""Outdoor recreation area offering adventure activities and scenic hill views."", ""destination_id"": 10, ""entry_fee"": 300, ""id"": 42, ""image_url"": ""https://encrypted-tbn0.gstatic.com/images?q=tbn:ANd9GcT3tzgxLdFQIBr459HoJLnLW5SioSzn8jNfGRT5Qqj2Nw&s=10"", ""name"": ""Vagamon Adventure Park"", ""visit_time"": ""3 Hours""}], ""transport_option"": {""amenities"": [""Door-to-door pickup"", ""AC Sedan / SUV"", ""Luggage assistance"", ""Flexible stops en route""], ""badge"": ""Best Match"", ""category"": ""Private Cab"", ""cost_breakdown"": {""base_fare"": 300, ""data_source"": ""Estimated via Configurable Taxi Tariff Engine"", ""distance_fare"": 1780.2, ""distance_km"": 98.9, ""formula"": ""Base Fare (\u20b9300) + (98.9 km \u00d7 \u20b918.0/km) = \u20b92,080 per cab \u00d7 1 vehicle(s)"", ""per_km_rate"": 18, ""single_vehicle_fare"": 2080.2, ""title"": ""Private Cab Cost Calculation"", ""transit_disclaimer"": ""Fares are calculated based on standard regional taxi tariffs (\u20b918/km). Tolls, parking, and peak charges may vary."", ""travelers"": 2, ""vehicles_needed"": 1}, ""cost_per_km"": 21.03, ""destination"": ""Vagamon"", ""distance_km"": 98.9, ""duration_formatted"": ""2h 04m"", ""duration_minutes"": 124, ""fare_per_person"": 1040, ""icon"": ""Car"", ""id"": 101, ""is_flat_vehicle_rate"": true, ""is_top_match"": true, ""mode"": ""cab"", ""personalized_reason"": ""Direct road journey taking ~2h 04m with maximum luggage convenience."", ""price_label"": ""Estimated fare"", ""score"": 92, ""scoring_details"": {""budget_score"": 0.75, ""comfort_score"": 1, ""convenience_score"": 0.95, ""time_score"": 0.87, ""weights_used"": {""budget"": 0.15, ""comfort"": 0.4, ""convenience"": 0.2, ""time"": 0.25}}, ""source"": ""Kochi"", ""total_fare"": 2080, ""transport_type"": ""Private AC Cab"", ""travelers"": 2, ""vehicles_count"": 1}}, {""destination_id"": 6, ""destination_name"": ""Thekkady"", ""duration_days"": 1, ""hotel_id"": 10, ""hotel_name"": ""Rainforest Resort"", ""hotel_price"": 11000, ""selected_restaurants"": [{""address"": ""Waterfall Entry Gate Road"", ""avg_cost"": 200, ""cuisine"": ""Traditional Kerala"", ""destination_id"": 6, ""id"": 9, ""name"": ""Waterfalls Cafe"", ""rating"": 4}], ""selected_attractions"": [{""description"": ""Boat safari through the Periyar wildlife sanctuary with opportunities to observe wildlife."", ""destination_id"": 6, ""entry_fee"": 250, ""id"": 23, ""image_url"": ""https://commons.wikimedia.org/wiki/Special:FilePath/Thekkady%20Boating.JPG"", ""name"": ""Periyar Lake Boating"", ""visit_time"": ""2.5 Hours""}, {""description"": ""Adventure activity combining forest trekking and bamboo rafting through the reserve."", ""destination_id"": 6, ""entry_fee"": 1800, ""id"": 24, ""image_url"": ""https://encrypted-tbn0.gstatic.com/images?q=tbn:ANd9GcQWFR2led2Jh_1B9AvZfxFSmLYmTWemcCruQmxUqmSDRQ&s=10"", ""name"": ""Jungle Bamboo Rafting"", ""visit_time"": ""6 Hours""}], ""transport_option"": {""amenities"": [""Door-to-door pickup"", ""AC Sedan / SUV"", ""Luggage assistance"", ""Flexible stops en route""], ""badge"": ""Best Match"", ""category"": ""Private Cab"", ""cost_breakdown"": {""base_fare"": 300, ""data_source"": ""Estimated via Configurable Taxi Tariff Engine"", ""distance_fare"": 1310.4, ""distance_km"": 72.8, ""formula"": ""Base Fare (\u20b9300) + (72.8 km \u00d7 \u20b918.0/km) = \u20b91,610 per cab \u00d7 1 vehicle(s)"", ""per_km_rate"": 18, ""single_vehicle_fare"": 1610.4, ""title"": ""Private Cab Cost Calculation"", ""transit_disclaimer"": ""Fares are calculated based on standard regional taxi tariffs (\u20b918/km). Tolls, parking, and peak charges may vary."", ""travelers"": 2, ""vehicles_needed"": 1}, ""cost_per_km"": 22.12, ""destination"": ""Thekkady"", ""distance_km"": 72.8, ""duration_formatted"": ""1h 31m"", ""duration_minutes"": 91, ""fare_per_person"": 805, ""icon"": ""Car"", ""id"": 101, ""is_flat_vehicle_rate"": true, ""is_top_match"": true, ""mode"": ""cab"", ""personalized_reason"": ""Direct road journey taking ~1h 31m with maximum luggage convenience."", ""price_label"": ""Estimated fare"", ""score"": 93, ""scoring_details"": {""budget_score"": 0.81, ""comfort_score"": 1, ""convenience_score"": 0.95, ""time_score"": 0.89, ""weights_used"": {""budget"": 0.15, ""comfort"": 0.4, ""convenience"": 0.2, ""time"": 0.25}}, ""source"": ""Munnar"", ""total_fare"": 1610, ""transport_type"": ""Private AC Cab"", ""travelers"": 2, ""vehicles_count"": 1}}, {""destination_id"": 19, ""destination_name"": ""Idukki"", ""duration_days"": 1, ""hotel_id"": 73, ""hotel_name"": ""Idukki Central Budget Hotel"", ""hotel_price"": 800, ""selected_restaurants"": [], ""selected_attractions"": [{""description"": ""Famous arch dam surrounded by mountains and reservoirs in the Western Ghats."", ""destination_id"": 19, ""entry_fee"": 25, ""id"": 75, ""image_url"": ""https://encrypted-tbn0.gstatic.com/images?q=tbn:ANd9GcTSK5jh9EsYs3Fx_G6x5KlXlr1vaBMlzynwCJPLpROAsA&s"", ""name"": ""Idukki Dam"", ""visit_time"": ""2 Hours""}, {""description"": ""Protected forest and reservoir area supporting wildlife and scenic landscapes."", ""destination_id"": 19, ""entry_fee"": 50, ""id"": 76, ""image_url"": ""https://encrypted-tbn0.gstatic.com/images?q=tbn:ANd9GcT4eehnF7d-NNOgKwhIZQ960ZjLKilvboYabLzdvta49g&s=10"", ""name"": ""Idukki Wildlife Sanctuary"", ""visit_time"": ""4 Hours""}], ""transport_option"": {""amenities"": [""Door-to-door pickup"", ""AC Sedan / SUV"", ""Luggage assistance"", ""Flexible stops en route""], ""badge"": ""Best Match"", ""category"": ""Private Cab"", ""cost_breakdown"": {""base_fare"": 300, ""data_source"": ""Estimated via Configurable Taxi Tariff Engine"", ""distance_fare"": 817.2, ""distance_km"": 45.4, ""formula"": ""Base Fare (\u20b9300) + (45.4 km \u00d7 \u20b918.0/km) = \u20b91,117 per cab \u00d7 1 vehicle(s)"", ""per_km_rate"": 18, ""single_vehicle_fare"": 1117.2, ""title"": ""Private Cab Cost Calculation"", ""transit_disclaimer"": ""Fares are calculated based on standard regional taxi tariffs (\u20b918/km). Tolls, parking, and peak charges may vary."", ""travelers"": 2, ""vehicles_needed"": 1}, ""cost_per_km"": 24.6, ""destination"": ""Idukki"", ""distance_km"": 45.4, ""duration_formatted"": ""57 mins"", ""duration_minutes"": 57, ""fare_per_person"": 558.5, ""icon"": ""Car"", ""id"": 101, ""is_flat_vehicle_rate"": true, ""is_top_match"": true, ""mode"": ""cab"", ""personalized_reason"": ""Direct road journey taking ~57 mins with maximum luggage convenience."", ""price_label"": ""Estimated fare"", ""score"": 95, ""scoring_details"": {""budget_score"": 0.87, ""comfort_score"": 1, ""convenience_score"": 0.95, ""time_score"": 0.9, ""weights_used"": {""budget"": 0.15, ""comfort"": 0.4, ""convenience"": 0.2, ""time"": 0.25}}, ""source"": ""Thekkady"", ""total_fare"": 1117, ""transport_type"": ""Private AC Cab"", ""travelers"": 2, ""vehicles_count"": 1}}]","{""origin"": ""Thekkady"", ""primary_destination"": ""Vagamon"", ""stops"": [""Vagamon"", ""Thekkady"", ""Idukki""], ""distance_km"": 45.4}",95.0,"{""accommodationCost"": 13500, ""transportCost"": 4807, ""foodCost"": 6600, ""sightseeingCost"": 5050, ""miscCost"": 1797, ""totalEstimatedCost"": 31754, ""perPersonCost"": 15877, ""dailyAverageCost"": 7939, ""isWithinBudget"": false, ""budgetVariance"": -16754, ""budgetUtilizedPct"": 100, ""roomsNeeded"": 1, ""nights"": 4}"
30,9,1,Kochi,15000.0,2,3,[],"[{""day"": 1, ""segment_index"": 0, ""destination_id"": 1, ""destination_name"": ""Munnar"", ""theme"": ""Day 1: Highlights of Munnar (Day 1 of 3)"", ""morning"": ""Depart from **Kochi** and travel to **Munnar** via **Private AC Cab** (~116.8 km \u2022 2h 26m). Arrive in **Munnar**, check in to **Tea Valley Resort**, freshen up and unpack before afternoon activities."", ""lunch"": ""Savor signature Kerala delicacies and regional specialities at **Rapsy Restaurant** in Munnar."", ""afternoon"": ""Head to **Eravikulam National Park** (Entry: \u20b9200) - Protected mountain park famous for Nilgiri Tahr, rolling grasslands, and scenic Western Ghats landscapes."", ""evening"": ""Experience the breathtaking sunset views and refreshing mountain breeze in Munnar."", ""dinner"": ""Conclude Day 1 with a relaxing dinner at **example**, followed by an overnight rest at **Tea Valley Resort**."", ""hotel_name"": ""Tea Valley Resort"", ""slots"": [{""period"": ""Morning"", ""time"": ""08:30 AM - 11:30 AM"", ""type"": ""transit"", ""tag"": ""Departure & Check-in"", ""icon"": ""car"", ""title"": ""Departure from Kochi \u2794 Arrival in Munnar"", ""description"": ""Depart from **Kochi** and travel to **Munnar** via **Private AC Cab** (~116.8 km \u2022 2h 26m). Arrive in **Munnar**, check in to **Tea Valley Resort**, freshen up and unpack before afternoon activities."", ""specific_name"": ""Tea Valley Resort""}, {""period"": ""Lunch"", ""time"": ""12:30 PM - 02:00 PM"", ""type"": ""dining"", ""tag"": ""Regional Dining"", ""icon"": ""utensils"", ""title"": ""Lunch at Rapsy Restaurant"", ""description"": ""Savor signature Kerala delicacies and regional specialities at **Rapsy Restaurant** in Munnar."", ""specific_name"": ""Rapsy Restaurant""}, {""period"": ""Afternoon"", ""time"": ""02:30 PM - 05:00 PM"", ""type"": ""sightseeing"", ""tag"": ""Afternoon Excursion"", ""icon"": ""sun"", ""title"": ""Excursion to Eravikulam National Park"", ""description"": ""Head to **Eravikulam National Park** (Entry: \u20b9200) - Protected mountain park famous for Nilgiri Tahr, rolling grasslands, and scenic Western Ghats landscapes."", ""specific_name"": ""Eravikulam National Park""}, {""period"": ""Evening"", ""time"": ""05:30 PM - 07:30 PM"", ""type"": ""leisure"", ""tag"": ""Sunset Overlook"", ""icon"": ""sunset"", ""title"": ""Sunset Point & Tea Estate Stroll in Munnar"", ""description"": ""Experience the breathtaking sunset views and refreshing mountain breeze in Munnar."", ""specific_name"": ""Munnar Promenade""}, {""period"": ""Dinner"", ""time"": ""08:00 PM - 10:00 PM"", ""type"": ""dining"", ""tag"": ""Dinner & Stay"", ""icon"": ""moon"", ""title"": ""Dinner at example & Rest at Tea Valley Resort"", ""description"": ""Conclude Day 1 with a relaxing dinner at **example**, followed by an overnight rest at **Tea Valley Resort**."", ""specific_name"": ""Tea Valley Resort""}]}, {""day"": 2, ""segment_index"": 0, ""destination_id"": 1, ""destination_name"": ""Munnar"", ""theme"": ""Day 2: Highlights of Munnar (Day 2 of 3)"", ""morning"": ""Explore **Mattupetty Dam** (Entry: \u20b950) - Scenic dam surrounded by tea plantations and mountains, offering boating and beautiful lake views."", ""lunch"": ""Savor signature Kerala delicacies and regional specialities at **example** in Munnar."", ""afternoon"": ""Head to **Anamudi Peak** (Entry: \u20b9100) - Highest peak in South India, surrounded by spectacular mountain scenery and trekking routes."", ""evening"": ""Experience the breathtaking sunset views and refreshing mountain breeze in Munnar."", ""dinner"": ""Conclude Day 2 with a relaxing dinner at **Spice Fusion**, followed by an overnight rest at **Tea Valley Resort**."", ""hotel_name"": ""Tea Valley Resort"", ""slots"": [{""period"": ""Morning"", ""time"": ""09:00 AM - 12:00 PM"", ""type"": ""sightseeing"", ""tag"": ""Morning Sightseeing"", ""icon"": ""sunrise"", ""title"": ""Visit Mattupetty Dam"", ""description"": ""Explore **Mattupetty Dam** (Entry: \u20b950) - Scenic dam surrounded by tea plantations and mountains, offering boating and beautiful lake views."", ""specific_name"": ""Mattupetty Dam""}, {""period"": ""Lunch"", ""time"": ""12:30 PM - 02:00 PM"", ""type"": ""dining"", ""tag"": ""Regional Dining"", ""icon"": ""utensils"", ""title"": ""Lunch at example"", ""description"": ""Savor signature Kerala delicacies and regional specialities at **example** in Munnar."", ""specific_name"": ""example""}, {""period"": ""Afternoon"", ""time"": ""02:30 PM - 05:00 PM"", ""type"": ""sightseeing"", ""tag"": ""Afternoon Excursion"", ""icon"": ""sun"", ""title"": ""Excursion to Anamudi Peak"", ""description"": ""Head to **Anamudi Peak** (Entry: \u20b9100) - Highest peak in South India, surrounded by spectacular mountain scenery and trekking routes."", ""specific_name"": ""Anamudi Peak""}, {""period"": ""Evening"", ""time"": ""05:30 PM - 07:30 PM"", ""type"": ""leisure"", ""tag"": ""Sunset Overlook"", ""icon"": ""sunset"", ""title"": ""Sunset Point & Tea Estate Stroll in Munnar"", ""description"": ""Experience the breathtaking sunset views and refreshing mountain breeze in Munnar."", ""specific_name"": ""Munnar Promenade""}, {""period"": ""Dinner"", ""time"": ""08:00 PM - 10:00 PM"", ""type"": ""dining"", ""tag"": ""Dinner & Stay"", ""icon"": ""moon"", ""title"": ""Dinner at Spice Fusion & Rest at Tea Valley Resort"", ""description"": ""Conclude Day 2 with a relaxing dinner at **Spice Fusion**, followed by an overnight rest at **Tea Valley Resort**."", ""specific_name"": ""Tea Valley Resort""}]}, {""day"": 3, ""segment_index"": 0, ""destination_id"": 1, ""destination_name"": ""Munnar"", ""theme"": ""Day 3: Highlights of Munnar (Day 3 of 3)"", ""morning"": ""Explore **Tea Museum** (Entry: \u20b9125) - Museum showcasing the history, cultivation, processing, and evolution of tea production in Munnar."", ""lunch"": ""Savor signature Kerala delicacies and regional specialities at **Spice Fusion** in Munnar."", ""afternoon"": ""Head to **Top Station** (Entry: \u20b940) - High-altitude viewpoint offering panoramic views of the Western Ghats and surrounding valleys."", ""evening"": ""Stroll through Munnar town bazaars for organic spices, handcrafted souvenirs, and tea estates before wrapping up."", ""dinner"": ""Conclude Day 3 with a relaxing dinner at **Rapsy Restaurant**, followed by an overnight rest at **Tea Valley Resort**."", ""hotel_name"": ""Tea Valley Resort"", ""slots"": [{""period"": ""Morning"", ""time"": ""09:00 AM - 12:00 PM"", ""type"": ""sightseeing"", ""tag"": ""Morning Sightseeing"", ""icon"": ""sunrise"", ""title"": ""Visit Tea Museum"", ""description"": ""Explore **Tea Museum** (Entry: \u20b9125) - Museum showcasing the history, cultivation, processing, and evolution of tea production in Munnar."", ""specific_name"": ""Tea Museum""}, {""period"": ""Lunch"", ""time"": ""12:30 PM - 02:00 PM"", ""type"": ""dining"", ""tag"": ""Regional Dining"", ""icon"": ""utensils"", ""title"": ""Lunch at Spice Fusion"", ""description"": ""Savor signature Kerala delicacies and regional specialities at **Spice Fusion** in Munnar."", ""specific_name"": ""Spice Fusion""}, {""period"": ""Afternoon"", ""time"": ""02:30 PM - 05:00 PM"", ""type"": ""sightseeing"", ""tag"": ""Afternoon Excursion"", ""icon"": ""sun"", ""title"": ""Excursion to Top Station"", ""description"": ""Head to **Top Station** (Entry: \u20b940) - High-altitude viewpoint offering panoramic views of the Western Ghats and surrounding valleys."", ""specific_name"": ""Top Station""}, {""period"": ""Evening"", ""time"": ""05:30 PM - 07:30 PM"", ""type"": ""leisure"", ""tag"": ""Souvenir Shopping"", ""icon"": ""sunset"", ""title"": ""Souvenir Shopping & Golden Hour in Munnar"", ""description"": ""Stroll through Munnar town bazaars for organic spices, handcrafted souvenirs, and tea estates before wrapping up."", ""specific_name"": ""Munnar Promenade""}, {""period"": ""Dinner"", ""time"": ""08:00 PM - 10:00 PM"", ""type"": ""dining"", ""tag"": ""Dinner & Stay"", ""icon"": ""moon"", ""title"": ""Dinner at Rapsy Restaurant & Rest at Tea Valley Resort"", ""description"": ""Conclude Day 3 with a relaxing dinner at **Rapsy Restaurant**, followed by an overnight rest at **Tea Valley Resort**."", ""specific_name"": ""Tea Valley Resort""}]}]",22909.0,2026-10-03 14:28:15,2026-10-03,planned,sinu's trip,balanced,moderate,"[{""destination_id"": 1, ""destination_name"": ""Munnar"", ""duration_days"": 3, ""hotel_id"": 1, ""hotel_name"": ""Tea Valley Resort"", ""hotel_price"": 3500, ""selected_restaurants"": [{""address"": ""Munnar Main Market"", ""avg_cost"": 250, ""cuisine"": ""Kerala & North Indian"", ""destination_id"": 1, ""id"": 1, ""name"": ""Rapsy Restaurant"", ""rating"": 4.4}, {""address"": null, ""avg_cost"": 570, ""cuisine"": ""Local Cuisine"", ""destination_id"": 1, ""id"": 13, ""name"": ""example"", ""rating"": 4}, {""address"": ""Bazaar Road, Munnar"", ""avg_cost"": 450, ""cuisine"": ""Kerala Traditional, Seafood, South Indian"", ""destination_id"": 1, ""id"": 16, ""name"": ""Spice Fusion"", ""rating"": 4.5}], ""selected_attractions"": [{""description"": ""Protected mountain park famous for Nilgiri Tahr, rolling grasslands, and scenic Western Ghats landscapes."", ""destination_id"": 1, ""entry_fee"": 200, ""id"": 1, ""image_url"": ""https://commons.wikimedia.org/wiki/Special:FilePath/Eravikulam%20National%20Park.jpg"", ""name"": ""Eravikulam National Park"", ""visit_time"": ""3 Hours""}, {""description"": ""Scenic dam surrounded by tea plantations and mountains, offering boating and beautiful lake views."", ""destination_id"": 1, ""entry_fee"": 50, ""id"": 2, ""image_url"": ""https://commons.wikimedia.org/wiki/Special:FilePath/Mattupetty%20Dam%2C%20Munnar%2C%20Kerala%2C%20India.jpg"", ""name"": ""Mattupetty Dam"", ""visit_time"": ""2 Hours""}, {""description"": ""Highest peak in South India, surrounded by spectacular mountain scenery and trekking routes."", ""destination_id"": 1, ""entry_fee"": 100, ""id"": 3, ""image_url"": ""https://commons.wikimedia.org/wiki/Special:FilePath/View%20of%20Anamudi%20from%20Rajamala%2C%20Munnar.jpg"", ""name"": ""Anamudi Peak"", ""visit_time"": ""4 Hours""}, {""description"": ""Museum showcasing the history, cultivation, processing, and evolution of tea production in Munnar."", ""destination_id"": 1, ""entry_fee"": 125, ""id"": 4, ""image_url"": ""https://commons.wikimedia.org/wiki/Special:FilePath/Stepwise%20processing%20of%20tea%20in%20Tea%20Museum%20%2C%20Munnar%2001.jpg"", ""name"": ""Tea Museum"", ""visit_time"": ""2 Hours""}, {""description"": ""High-altitude viewpoint offering panoramic views of the Western Ghats and surrounding valleys."", ""destination_id"": 1, ""entry_fee"": 40, ""id"": 5, ""image_url"": ""https://commons.wikimedia.org/wiki/Special:FilePath/Munnar%20Top%20station.jpg"", ""name"": ""Top Station"", ""visit_time"": ""2 Hours""}, {""description"": ""Natural acoustic echo phenomenon viewpoint surrounded by misty hills and evergreen tea estates."", ""destination_id"": 1, ""entry_fee"": 30, ""id"": 203, ""image_url"": ""https://commons.wikimedia.org/wiki/Special:FilePath/Echo_Point_Munnar.jpg"", ""name"": ""Echo Point"", ""visit_time"": ""2 Hours""}], ""transport_option"": {""amenities"": [""Door-to-door pickup"", ""AC Sedan / SUV"", ""Luggage assistance"", ""Flexible stops en route""], ""badge"": ""Best Match"", ""category"": ""Private Cab"", ""cost_breakdown"": {""base_fare"": 300, ""data_source"": ""Estimated via Configurable Taxi Tariff Engine"", ""distance_fare"": 2102.4, ""distance_km"": 116.8, ""formula"": ""Base Fare (\u20b9300) + (116.8 km \u00d7 \u20b918.0/km) = \u20b92,402 per cab \u00d7 1 vehicle(s)"", ""per_km_rate"": 18, ""single_vehicle_fare"": 2402.4, ""title"": ""Private Cab Cost Calculation"", ""transit_disclaimer"": ""Fares are calculated based on standard regional taxi tariffs (\u20b918/km). Tolls, parking, and peak charges may vary."", ""travelers"": 2, ""vehicles_needed"": 1}, ""cost_per_km"": 20.57, ""destination"": ""Munnar"", ""distance_km"": 116.8, ""duration_formatted"": ""2h 26m"", ""duration_minutes"": 146, ""fare_per_person"": 1201, ""icon"": ""Car"", ""id"": 101, ""is_flat_vehicle_rate"": true, ""is_top_match"": true, ""mode"": ""cab"", ""personalized_reason"": ""Direct road journey taking ~2h 26m with maximum luggage convenience."", ""price_label"": ""Estimated fare"", ""score"": 92, ""scoring_details"": {""budget_score"": 0.71, ""comfort_score"": 1, ""convenience_score"": 0.95, ""time_score"": 0.87, ""weights_used"": {""budget"": 0.15, ""comfort"": 0.4, ""convenience"": 0.2, ""time"": 0.25}}, ""source"": ""Kochi"", ""total_fare"": 2402, ""transport_type"": ""Private AC Cab"", ""travelers"": 2, ""vehicles_count"": 1}}]","{""origin"": ""Kochi"", ""primary_destination"": ""Munnar"", ""stops"": [""Munnar""], ""distance_km"": 116.8}",90.0,"{""accommodationCost"": 10500, ""transportCost"": 2402, ""foodCost"": 7620, ""sightseeingCost"": 1090, ""miscCost"": 1297, ""totalEstimatedCost"": 22909, ""perPersonCost"": 11455, ""dailyAverageCost"": 7636, ""isWithinBudget"": false, ""budgetVariance"": -7909, ""budgetUtilizedPct"": 100, ""roomsNeeded"": 1, ""nights"": 3}"
